Filial;CoddoBem;Item;DescrSint;NumPlaqueta;Grupo;DtAquisicao;Quantidade;Historico;CCustoBem
01;0000004240;0001;RELOGIO DE PONTO BIOMETRICO;00025883;05;23-11-2010; 1000 ;;
01;0000004240;0001;RELOGIO DE PONTO BIOMETRICO;00025883;05;23-11-2010; 1000 ;Fiscal;10200302008
01;0000004240;0001;RELOGIO DE PONTO BIOMETRICO;00025883;05;23-11-2010; 1000 ;Fiscal;10200302008
01;0000004272;0001;TERMINAL DIGITAL DIALOG 4222 OFFCE;00026106;05;18-05-2011; 1000 ;;
01;0000004272;0001;TERMINAL DIGITAL DIALOG 4222 OFFCE;00026106;05;18-05-2011; 1000 ;Fiscal;10200302008
01;0000004272;0001;TERMINAL DIGITAL DIALOG 4222 OFFCE;00026106;05;18-05-2011; 1000 ;Fiscal;10200302008
01;0000004273;0001;PAINEL DIGITAL;00026107;05;18-05-2011; 1000 ;;
01;0000004273;0001;PAINEL DIGITAL;00026107;05;18-05-2011; 1000 ;Fiscal;10200302008
01;0000004273;0001;PAINEL DIGITAL;00026107;05;18-05-2011; 1000 ;Fiscal;10200302008
01;0000004276;0001;PAINEL DIGITAL;00026110;05;18-05-2011; 1000 ;;
01;0000004276;0001;PAINEL DIGITAL;00026110;05;18-05-2011; 1000 ;Fiscal;10200302008
01;0000004276;0001;PAINEL DIGITAL;00026110;05;18-05-2011; 1000 ;Fiscal;10200302008
01;0000004364;0001;BEBEDOURO COLUNA ESMALTEC GELAGUA;00026710;05;22-05-2012; 1000 ;;
01;0000004364;0001;BEBEDOURO COLUNA ESMALTEC GELAGUA;00026710;05;22-05-2012; 1000 ;Fiscal;10200302008
01;0000004364;0001;BEBEDOURO COLUNA ESMALTEC GELAGUA;00026710;05;22-05-2012; 1000 ;Fiscal;10200302008
01;0000004365;0001;BEBEDOURO COLUNA ESMALTEC GELAGUA;00026711;05;22-05-2012; 1000 ;;
01;0000004365;0001;BEBEDOURO COLUNA ESMALTEC GELAGUA;00026711;05;22-05-2012; 1000 ;Fiscal;10200302008
01;0000004365;0001;BEBEDOURO COLUNA ESMALTEC GELAGUA;00026711;05;22-05-2012; 1000 ;Fiscal;10200302008
01;0000004366;0001;BEBEDOURO COLUNA ESMALTEC GELAGUA;00026712;05;22-05-2012; 1000 ;;
01;0000004366;0001;BEBEDOURO COLUNA ESMALTEC GELAGUA;00026712;05;22-05-2012; 1000 ;Fiscal;10200302008
01;0000004366;0001;BEBEDOURO COLUNA ESMALTEC GELAGUA;00026712;05;22-05-2012; 1000 ;Fiscal;10200302008
01;0000004368;0001;BEBEDOURO COLUNA ESMALTEC GELAGUA;00026714;05;22-05-2012; 1000 ;;
01;0000004368;0001;BEBEDOURO COLUNA ESMALTEC GELAGUA;00026714;05;22-05-2012; 1000 ;Fiscal;10200302008
01;0000004368;0001;BEBEDOURO COLUNA ESMALTEC GELAGUA;00026714;05;22-05-2012; 1000 ;Fiscal;10200302008
01;0000004369;0001;TRANSFORMADOR TRIFASICO 225 KVA 380/220;00026715;05;09-11-2012; 1000 ;;
01;0000004369;0001;TRANSFORMADOR TRIFASICO 225 KVA 380/220;00026715;05;09-11-2012; 1000 ;Fiscal;10200302008
01;0000004369;0001;TRANSFORMADOR TRIFASICO 225 KVA 380/220;00026715;05;09-11-2012; 1000 ;Fiscal;10200302008
01;0000004495;0001;RELOGIO DE PONTO DIGITAL BIOMETRIA;00673095;05;28-01-2013; 1000 ;;
01;0000004495;0001;RELOGIO DE PONTO DIGITAL BIOMETRIA;00673095;05;28-01-2013; 1000 ;Fiscal;10200302008
01;0000004495;0001;RELOGIO DE PONTO DIGITAL BIOMETRIA;00673095;05;28-01-2013; 1000 ;Fiscal;10200302008
01;0000004639;0001;TRANSFORMADOR TRIFASICO 225 KVA 380/220;00673385;05;14-08-2013; 1000 ;;
01;0000004639;0001;TRANSFORMADOR TRIFASICO 225 KVA 380/220;00673385;05;14-08-2013; 1000 ;Fiscal;10200302008
01;0000004639;0001;TRANSFORMADOR TRIFASICO 225 KVA 380/220;00673385;05;14-08-2013; 1000 ;Fiscal;10200302008
01;0000004661;0001;AR CON SPLIT1800 BTUS PISO TETO HI WALL;00673681;05;12-09-2013; 1000 ;;
01;0000004661;0001;AR CON SPLIT1800 BTUS PISO TETO HI WALL;00673681;05;12-09-2013; 1000 ;Fiscal;10200302008
01;0000004661;0001;AR CON SPLIT1800 BTUS PISO TETO HI WALL;00673681;05;12-09-2013; 1000 ;Fiscal;10200302008
01;0000004661;0002;AR CON SPLIT 1800 BTUS PISO TETO HI WALL;00673682;05;12-09-2013; 1000 ;;
01;0000004661;0002;AR CON SPLIT 1800 BTUS PISO TETO HI WALL;00673682;05;12-09-2013; 1000 ;Fiscal;10200302008
01;0000004661;0002;AR CON SPLIT 1800 BTUS PISO TETO HI WALL;00673682;05;12-09-2013; 1000 ;Fiscal;10200302008
01;0000004661;0003;AR CON SPLIT 1800 BTUS PISO TETO HI WALL;00673683;05;12-09-2013; 1000 ;;
01;0000004661;0003;AR CON SPLIT 1800 BTUS PISO TETO HI WALL;00673683;05;12-09-2013; 1000 ;Fiscal;10200302008
01;0000004661;0003;AR CON SPLIT 1800 BTUS PISO TETO HI WALL;00673683;05;12-09-2013; 1000 ;Fiscal;10200302008
01;0000004661;0004;AR CON SPLIT 1800 BTUS PISO TETO HI WALL;00673684;05;12-09-2013; 1000 ;;
01;0000004661;0004;AR CON SPLIT 1800 BTUS PISO TETO HI WALL;00673684;05;12-09-2013; 1000 ;Fiscal;10200302008
01;0000004661;0004;AR CON SPLIT 1800 BTUS PISO TETO HI WALL;00673684;05;12-09-2013; 1000 ;Fiscal;10200302008
01;0000004661;0005;AR CON SPLIT 1800 BTUS PISO TETO HI WALL;00673685;05;12-09-2013; 1000 ;;
01;0000004661;0005;AR CON SPLIT 1800 BTUS PISO TETO HI WALL;00673685;05;12-09-2013; 1000 ;Fiscal;10200302008
01;0000004661;0005;AR CON SPLIT 1800 BTUS PISO TETO HI WALL;00673685;05;12-09-2013; 1000 ;Fiscal;10200302008
01;0000004661;0006;AR CON SPLIT 1800 BTUS PISO TETO HI WALL;00673686;05;12-09-2013; 1000 ;;
01;0000004661;0006;AR CON SPLIT 1800 BTUS PISO TETO HI WALL;00673686;05;12-09-2013; 1000 ;Fiscal;10200302008
01;0000004661;0006;AR CON SPLIT 1800 BTUS PISO TETO HI WALL;00673686;05;12-09-2013; 1000 ;Fiscal;10200302008
01;0000004661;0007;AR CON SPLIT 1800 BTUS PISO TETO HI WALL;00673687;05;12-09-2013; 1000 ;;
01;0000004661;0007;AR CON SPLIT 1800 BTUS PISO TETO HI WALL;00673687;05;12-09-2013; 1000 ;Fiscal;10200302008
01;0000004661;0007;AR CON SPLIT 1800 BTUS PISO TETO HI WALL;00673687;05;12-09-2013; 1000 ;Fiscal;10200302008
01;0000004661;0008;AR CON SPLIT 1800 BTUS PISO TETO HI WALL;00673688;05;12-09-2013; 1000 ;;
01;0000004661;0008;AR CON SPLIT 1800 BTUS PISO TETO HI WALL;00673688;05;12-09-2013; 1000 ;Fiscal;10200302008
01;0000004661;0008;AR CON SPLIT 1800 BTUS PISO TETO HI WALL;00673688;05;12-09-2013; 1000 ;Fiscal;10200302008
01;0000004661;0009;AR CON SPLIT 1800 BTUS PISO TETO HI WALL;00673689;05;12-09-2013; 1000 ;;
01;0000004661;0009;AR CON SPLIT 1800 BTUS PISO TETO HI WALL;00673689;05;12-09-2013; 1000 ;Fiscal;10200302008
01;0000004661;0009;AR CON SPLIT 1800 BTUS PISO TETO HI WALL;00673689;05;12-09-2013; 1000 ;Fiscal;10200302008
01;0000004661;0010;AR CON SPLIT 1800 BTUS PISO TETO HI WALL;00673690;05;12-09-2013; 1000 ;;
01;0000004661;0010;AR CON SPLIT 1800 BTUS PISO TETO HI WALL;00673690;05;12-09-2013; 1000 ;Fiscal;10200302008
01;0000004661;0010;AR CON SPLIT 1800 BTUS PISO TETO HI WALL;00673690;05;12-09-2013; 1000 ;Fiscal;10200302008
01;0000004661;0011;AR CON SPLIT 1800 BTUS PISO TETO HI WALL;00673691;05;12-09-2013; 1000 ;;
01;0000004661;0011;AR CON SPLIT 1800 BTUS PISO TETO HI WALL;00673691;05;12-09-2013; 1000 ;Fiscal;10200302008
01;0000004661;0011;AR CON SPLIT 1800 BTUS PISO TETO HI WALL;00673691;05;12-09-2013; 1000 ;Fiscal;10200302008
01;0000004661;0012;AR CON SPLIT 18000BTUS PISO TETO HI WALL;00673692;05;12-09-2013; 1000 ;;
01;0000004661;0012;AR CON SPLIT 18000BTUS PISO TETO HI WALL;00673692;05;12-09-2013; 1000 ;Fiscal;10200302008
01;0000004661;0012;AR CON SPLIT 18000BTUS PISO TETO HI WALL;00673692;05;12-09-2013; 1000 ;Fiscal;10200302008
01;0000004662;0001;AR SPLIT 30.000 BTUS PISO TETO HI WALL;00673693;05;12-09-2013; 1000 ;;
01;0000004662;0001;AR SPLIT 30.000 BTUS PISO TETO HI WALL;00673693;05;12-09-2013; 1000 ;Fiscal;10200302008
01;0000004662;0001;AR SPLIT 30.000 BTUS PISO TETO HI WALL;00673693;05;12-09-2013; 1000 ;Fiscal;10200302008
01;0000004662;0002;AR SPLIT 30.000 BTUS PISO TETO HI WALL;00673694;05;12-09-2013; 1000 ;;
01;0000004662;0002;AR SPLIT 30.000 BTUS PISO TETO HI WALL;00673694;05;12-09-2013; 1000 ;Fiscal;10200302008
01;0000004662;0002;AR SPLIT 30.000 BTUS PISO TETO HI WALL;00673694;05;12-09-2013; 1000 ;Fiscal;10200302008
01;0000004662;0003;AR SPLIT 30.000 BTUS PISO TETO HI WALL;00673695;05;12-09-2013; 1000 ;;
01;0000004662;0003;AR SPLIT 30.000 BTUS PISO TETO HI WALL;00673695;05;12-09-2013; 1000 ;Fiscal;10200302008
01;0000004662;0003;AR SPLIT 30.000 BTUS PISO TETO HI WALL;00673695;05;12-09-2013; 1000 ;Fiscal;10200302008
01;0000004664;0001;AR SPLIT 48000  BTUS PISO TETO HI WALL;00673697;05;12-09-2013; 1000 ;;
01;0000004664;0001;AR SPLIT 48000  BTUS PISO TETO HI WALL;00673697;05;12-09-2013; 1000 ;Fiscal;10200302008
01;0000004664;0001;AR SPLIT 48000  BTUS PISO TETO HI WALL;00673697;05;12-09-2013; 1000 ;Fiscal;10200302008
01;0000004665;0001;AR SPLIT 60,000 BTUS PISO TETO HI WALL;00673698;05;12-09-2013; 1000 ;;
01;0000004665;0001;AR SPLIT 60,000 BTUS PISO TETO HI WALL;00673698;05;12-09-2013; 1000 ;Fiscal;10200302008
01;0000004665;0001;AR SPLIT 60,000 BTUS PISO TETO HI WALL;00673698;05;12-09-2013; 1000 ;Fiscal;10200302008
01;0000004665;0002;AR SPLIT 60,000 BTUS PISO TETO HI WALL;00673699;05;12-09-2013; 1000 ;;
01;0000004665;0002;AR SPLIT 60,000 BTUS PISO TETO HI WALL;00673699;05;12-09-2013; 1000 ;Fiscal;10200302008
01;0000004665;0002;AR SPLIT 60,000 BTUS PISO TETO HI WALL;00673699;05;12-09-2013; 1000 ;Fiscal;10200302008
01;0000004665;0003;AR SPLIT 60,000 BTUS PISO TETO HI WALL;00673700;05;12-09-2013; 1000 ;;
01;0000004665;0003;AR SPLIT 60,000 BTUS PISO TETO HI WALL;00673700;05;12-09-2013; 1000 ;Fiscal;10200302008
01;0000004665;0003;AR SPLIT 60,000 BTUS PISO TETO HI WALL;00673700;05;12-09-2013; 1000 ;Fiscal;10200302008
01;0000004665;0004;AR SPLIT 60.000 BTUS PISO TETO HI WALL;00673701;05;12-09-2013; 1000 ;;
01;0000004665;0004;AR SPLIT 60.000 BTUS PISO TETO HI WALL;00673701;05;12-09-2013; 1000 ;Fiscal;10200302008
01;0000004665;0004;AR SPLIT 60.000 BTUS PISO TETO HI WALL;00673701;05;12-09-2013; 1000 ;Fiscal;10200302008
01;0000004665;0005;AR SPLIT 60,000 BTUS PISO TETO HI WALL;00673702;05;12-09-2013; 1000 ;;
01;0000004665;0005;AR SPLIT 60,000 BTUS PISO TETO HI WALL;00673702;05;12-09-2013; 1000 ;Fiscal;10200302008
01;0000004665;0005;AR SPLIT 60,000 BTUS PISO TETO HI WALL;00673702;05;12-09-2013; 1000 ;Fiscal;10200302008
01;0000004665;0006;AR SPLIT 60,000 BTUS PISO TETO HI WALL;00673703;05;12-09-2013; 1000 ;;
01;0000004665;0006;AR SPLIT 60,000 BTUS PISO TETO HI WALL;00673703;05;12-09-2013; 1000 ;Fiscal;10200302008
01;0000004665;0006;AR SPLIT 60,000 BTUS PISO TETO HI WALL;00673703;05;12-09-2013; 1000 ;Fiscal;10200302008
01;0000004665;0007;AR SPLIT 60,000 BTUS PISO TETO HI WALL;00673704;05;12-09-2013; 1000 ;;
01;0000004665;0007;AR SPLIT 60,000 BTUS PISO TETO HI WALL;00673704;05;12-09-2013; 1000 ;Fiscal;10200302008
01;0000004665;0007;AR SPLIT 60,000 BTUS PISO TETO HI WALL;00673704;05;12-09-2013; 1000 ;Fiscal;10200302008
01;0000004665;0008;AR SPLIT 60.000 BTUS PISO TETO HI WALL;00673705;05;12-09-2013; 1000 ;;
01;0000004665;0008;AR SPLIT 60.000 BTUS PISO TETO HI WALL;00673705;05;12-09-2013; 1000 ;Fiscal;10200302008
01;0000004665;0008;AR SPLIT 60.000 BTUS PISO TETO HI WALL;00673705;05;12-09-2013; 1000 ;Fiscal;10200302008
01;0000004665;0009;AR SPLIT 60.000 BTUS PISO TETO HI WALL;00673706;05;12-09-2013; 1000 ;;
01;0000004665;0009;AR SPLIT 60.000 BTUS PISO TETO HI WALL;00673706;05;12-09-2013; 1000 ;Fiscal;10200302008
01;0000004665;0009;AR SPLIT 60.000 BTUS PISO TETO HI WALL;00673706;05;12-09-2013; 1000 ;Fiscal;10200302008
01;0000004665;0010;AR SPLIT 60,000 BTUS PISO TETO HI WALL;00673707;05;12-09-2013; 1000 ;;
01;0000004665;0010;AR SPLIT 60,000 BTUS PISO TETO HI WALL;00673707;05;12-09-2013; 1000 ;Fiscal;10200302008
01;0000004665;0010;AR SPLIT 60,000 BTUS PISO TETO HI WALL;00673707;05;12-09-2013; 1000 ;Fiscal;10200302008
01;0000004665;0011;AR SPLIT 60,000 BTUS PISO TETO HI WALL;00673708;05;12-09-2013; 1000 ;;
01;0000004665;0011;AR SPLIT 60,000 BTUS PISO TETO HI WALL;00673708;05;12-09-2013; 1000 ;Fiscal;10200302008
01;0000004665;0011;AR SPLIT 60,000 BTUS PISO TETO HI WALL;00673708;05;12-09-2013; 1000 ;Fiscal;10200302008
01;0000004665;0012;AR SPLIT 60,000 BTUS PISO TETO HI WALL;00673709;05;12-09-2013; 1000 ;;
01;0000004665;0012;AR SPLIT 60,000 BTUS PISO TETO HI WALL;00673709;05;12-09-2013; 1000 ;Fiscal;10200302008
01;0000004665;0012;AR SPLIT 60,000 BTUS PISO TETO HI WALL;00673709;05;12-09-2013; 1000 ;Fiscal;10200302008
01;0000004666;0001;GRUPO GERADOR 500/450KVA 220;00673710;05;12-09-2013; 1000 ;;
01;0000004666;0001;GRUPO GERADOR 500/450KVA 220;00673710;05;12-09-2013; 1000 ;Fiscal;10200302008
01;0000004666;0001;GRUPO GERADOR 500/450KVA 220;00673710;05;12-09-2013; 1000 ;Fiscal;10200302008
01;0000004671;0001;GRUPO GERADOR 500/450KVA220;00703511;05;09-10-2013; 1000 ;;
01;0000004671;0001;GRUPO GERADOR 500/450KVA220;00703511;05;09-10-2013; 1000 ;Fiscal;10200302008
01;0000004671;0001;GRUPO GERADOR 500/450KVA220;00703511;05;09-10-2013; 1000 ;Fiscal;10200302008
01;0000004700;0001;RELOGIO DE PONTO BIOMETRICO;00673997;05;22-09-2014; 1000 ;;
01;0000004700;0001;RELOGIO DE PONTO BIOMETRICO;00673997;05;22-09-2014; 1000 ;Fiscal;10200302008
01;0000004700;0001;RELOGIO DE PONTO BIOMETRICO;00673997;05;22-09-2014; 1000 ;Fiscal;10200302008
01;0000004700;0002;RELOGIO DE PONTO BIOMETRICO;00673998;05;22-09-2014; 1000 ;;
01;0000004700;0002;RELOGIO DE PONTO BIOMETRICO;00673998;05;22-09-2014; 1000 ;Fiscal;10200302008
01;0000004700;0002;RELOGIO DE PONTO BIOMETRICO;00673998;05;22-09-2014; 1000 ;Fiscal;10200302008
01;0000004714;0001;TV DE LED SMART  FULL 48 POLEGADAS;00703135;05;11-12-2014; 1000 ;;
01;0000004714;0001;TV DE LED SMART  FULL 48 POLEGADAS;00703135;05;11-12-2014; 1000 ;Fiscal;10200302008
01;0000004714;0001;TV DE LED SMART  FULL 48 POLEGADAS;00703135;05;11-12-2014; 1000 ;Fiscal;10200302008
01;0000004714;0002;TV DE LED SMART FULL 48 POLEGADA;00703136;05;11-12-2014; 1000 ;;
01;0000004714;0002;TV DE LED SMART FULL 48 POLEGADA;00703136;05;11-12-2014; 1000 ;Fiscal;10200302008
01;0000004714;0002;TV DE LED SMART FULL 48 POLEGADA;00703136;05;11-12-2014; 1000 ;Fiscal;10200302008
01;0000004714;0004;TV DE LED SMART  FULL 48 POLEGADAS;00703138;05;11-12-2014; 1000 ;;
01;0000004714;0004;TV DE LED SMART  FULL 48 POLEGADAS;00703138;05;11-12-2014; 1000 ;Fiscal;10200302008
01;0000004714;0004;TV DE LED SMART  FULL 48 POLEGADAS;00703138;05;11-12-2014; 1000 ;Fiscal;10200302008
01;0000004751;0001;AR CONDICIONADO SPLIT 1800 BTUS;00070333;05;05-05-2016; 1000 ;;
01;0000004751;0001;AR CONDICIONADO SPLIT 1800 BTUS;00070333;05;05-05-2016; 1000 ;Fiscal;10200302008
01;0000004751;0001;AR CONDICIONADO SPLIT 1800 BTUS;00070333;05;05-05-2016; 1000 ;Fiscal;10200302008
01;0000004757;0001;CELULAR SAMSUNG GALAXY S6 G920 4G 32 GB;00703349;05;05-08-2016; 2000 ;;
01;0000004757;0001;CELULAR SAMSUNG GALAXY S6 G920 4G 32 GB;00703349;05;05-08-2016; 2000 ;Fiscal;10200302008
01;0000004757;0001;CELULAR SAMSUNG GALAXY S6 G920 4G 32 GB;00703349;05;05-08-2016; 2000 ;Fiscal;10200302008
01;0000004758;0001;TABLET GALAXY TAB S2 9,7 T815Y 4G 32 GB;00703350;05;05-08-2016; 2000 ;;
01;0000004758;0001;TABLET GALAXY TAB S2 9,7 T815Y 4G 32 GB;00703350;05;05-08-2016; 2000 ;Fiscal;10200302008
01;0000004758;0001;TABLET GALAXY TAB S2 9,7 T815Y 4G 32 GB;00703350;05;05-08-2016; 2000 ;Fiscal;10200302008
01;0000004759;0002;TELEVISOR SMART LED 50 POLEGADAS TCL;00703356;05;11-05-2017; 1000 ;;
01;0000004759;0002;TELEVISOR SMART LED 50 POLEGADAS TCL;00703356;05;11-05-2017; 1000 ;Fiscal;10200302008
01;0000004759;0002;TELEVISOR SMART LED 50 POLEGADAS TCL;00703356;05;11-05-2017; 1000 ;Fiscal;10200302008
01;0000004759;0003;TELEVISOR SMART LED 50 POLEGADAS TCL;00703357;05;11-05-2017; 1000 ;;
01;0000004759;0003;TELEVISOR SMART LED 50 POLEGADAS TCL;00703357;05;11-05-2017; 1000 ;Fiscal;10200302008
01;0000004759;0003;TELEVISOR SMART LED 50 POLEGADAS TCL;00703357;05;11-05-2017; 1000 ;Fiscal;10200302008
01;0000004759;0004;TELEVISOR SMART LED 50 POLEGADAS TCL;00703358;05;11-05-2017; 1000 ;;
01;0000004759;0004;TELEVISOR SMART LED 50 POLEGADAS TCL;00703358;05;11-05-2017; 1000 ;Fiscal;10200302008
01;0000004759;0004;TELEVISOR SMART LED 50 POLEGADAS TCL;00703358;05;11-05-2017; 1000 ;Fiscal;10200302008
01;0000004759;0005;TELEVISOR SMART LED 50 POLEGADAS TCL;00703359;05;11-05-2017; 1000 ;;
01;0000004759;0005;TELEVISOR SMART LED 50 POLEGADAS TCL;00703359;05;11-05-2017; 1000 ;Fiscal;10200302008
01;0000004759;0005;TELEVISOR SMART LED 50 POLEGADAS TCL;00703359;05;11-05-2017; 1000 ;Fiscal;10200302008
01;0000004759;0006;TELEVISOR SMART LED 50 POLEGADAS TCL;00703360;05;11-05-2017; 1000 ;;
01;0000004759;0006;TELEVISOR SMART LED 50 POLEGADAS TCL;00703360;05;11-05-2017; 1000 ;Fiscal;10200302008
01;0000004759;0006;TELEVISOR SMART LED 50 POLEGADAS TCL;00703360;05;11-05-2017; 1000 ;Fiscal;10200302008
01;0000004759;0008;TELEVISOR SMART LED 50 POLEGADAS TCL;00703362;05;11-05-2017; 1000 ;;
01;0000004759;0008;TELEVISOR SMART LED 50 POLEGADAS TCL;00703362;05;11-05-2017; 1000 ;Fiscal;10200302008
01;0000004759;0008;TELEVISOR SMART LED 50 POLEGADAS TCL;00703362;05;11-05-2017; 1000 ;Fiscal;10200302008
01;0000004759;0009;TELEVISOR SMART LED 50 POLEGADAS TCL;00703363;05;11-05-2017; 1000 ;;
01;0000004759;0009;TELEVISOR SMART LED 50 POLEGADAS TCL;00703363;05;11-05-2017; 1000 ;Fiscal;10200302008
01;0000004759;0009;TELEVISOR SMART LED 50 POLEGADAS TCL;00703363;05;11-05-2017; 1000 ;Fiscal;10200302008
01;0000004763;0001;COND HI-WALL45HEFE12B2IAELGIN;00703375;05;03-08-2017; 1000 ;;
01;0000004763;0001;COND HI-WALL45HEFE12B2IAELGIN;00703375;05;03-08-2017; 1000 ;Fiscal;10200302008
01;0000004763;0001;COND HI-WALL45HEFE12B2IAELGIN;00703375;05;03-08-2017; 1000 ;Fiscal;10200302008
01;0000004773;0001;AR CONDICIONADO SPLIT 1800 BTUS INVERTER;00703582;05;06-03-2018; 1000 ;;
01;0000004773;0001;AR CONDICIONADO SPLIT 1800 BTUS INVERTER;00703582;05;06-03-2018; 1000 ;Fiscal;10200302008
01;0000004773;0001;AR CONDICIONADO SPLIT 1800 BTUS INVERTER;00703582;05;06-03-2018; 1000 ;Fiscal;10200302008
01;0000004773;0002;AR CONDICIONADO SPLIT 1800 BTUS INVERTER;00703583;05;06-03-2018; 1000 ;;
01;0000004773;0002;AR CONDICIONADO SPLIT 1800 BTUS INVERTER;00703583;05;06-03-2018; 1000 ;Fiscal;10200302008
01;0000004773;0002;AR CONDICIONADO SPLIT 1800 BTUS INVERTER;00703583;05;06-03-2018; 1000 ;Fiscal;10200302008
01;0000004774;0001;AR CONDICIONADO SPLIT HI WALL 27.000 BTU;00703584;05;06-03-2018; 1000 ;;
01;0000004774;0001;AR CONDICIONADO SPLIT HI WALL 27.000 BTU;00703584;05;06-03-2018; 1000 ;Fiscal;10200302008
01;0000004774;0001;AR CONDICIONADO SPLIT HI WALL 27.000 BTU;00703584;05;06-03-2018; 1000 ;Fiscal;10200302008
01;0000004775;0001;AR CONDICIONADO SPLIT 9.000 BTUS INVERTE;00703585;05;06-03-2018; 1000 ;;
01;0000004775;0001;AR CONDICIONADO SPLIT 9.000 BTUS INVERTE;00703585;05;06-03-2018; 1000 ;Fiscal;10200302008
01;0000004775;0001;AR CONDICIONADO SPLIT 9.000 BTUS INVERTE;00703585;05;06-03-2018; 1000 ;Fiscal;10200302008
01;0000004775;0002;AR CONDICIONADO SPLIT 9.000 BTUS INVERTE;00703586;05;06-03-2018; 1000 ;;
01;0000004775;0002;AR CONDICIONADO SPLIT 9.000 BTUS INVERTE;00703586;05;06-03-2018; 1000 ;Fiscal;10200302008
01;0000004775;0002;AR CONDICIONADO SPLIT 9.000 BTUS INVERTE;00703586;05;06-03-2018; 1000 ;Fiscal;10200302008
01;0000004775;0003;AR CONDICIONADO SPLIT 9.000 BTUS INVERTE;00703587;05;06-03-2018; 1000 ;;
01;0000004775;0003;AR CONDICIONADO SPLIT 9.000 BTUS INVERTE;00703587;05;06-03-2018; 1000 ;Fiscal;10200302008
01;0000004775;0003;AR CONDICIONADO SPLIT 9.000 BTUS INVERTE;00703587;05;06-03-2018; 1000 ;Fiscal;10200302008
01;0000004775;0004;AR CONDICIONADO SPLIT 9.000 BTUS INVERTE;00703588;05;06-03-2018; 1000 ;;
01;0000004775;0004;AR CONDICIONADO SPLIT 9.000 BTUS INVERTE;00703588;05;06-03-2018; 1000 ;Fiscal;10200302008
01;0000004775;0004;AR CONDICIONADO SPLIT 9.000 BTUS INVERTE;00703588;05;06-03-2018; 1000 ;Fiscal;10200302008
01;0000004775;0005;AR CONDICIONADO SPLIT 9.000 BTUS INVERTE;00703589;05;06-03-2018; 1000 ;;
01;0000004775;0005;AR CONDICIONADO SPLIT 9.000 BTUS INVERTE;00703589;05;06-03-2018; 1000 ;Fiscal;10200302008
01;0000004775;0005;AR CONDICIONADO SPLIT 9.000 BTUS INVERTE;00703589;05;06-03-2018; 1000 ;Fiscal;10200302008
01;0000004775;0006;AR CONDICIONADO SPLIT 9.000 BTUS INVERTE;00703590;05;06-03-2018; 1000 ;;
01;0000004775;0006;AR CONDICIONADO SPLIT 9.000 BTUS INVERTE;00703590;05;06-03-2018; 1000 ;Fiscal;10200302008
01;0000004775;0006;AR CONDICIONADO SPLIT 9.000 BTUS INVERTE;00703590;05;06-03-2018; 1000 ;Fiscal;10200302008
01;0000004775;0007;AR CONDICIONADO SPLIT 9.000 BTUS INVERTE;00703591;05;06-03-2018; 1000 ;;
01;0000004775;0007;AR CONDICIONADO SPLIT 9.000 BTUS INVERTE;00703591;05;06-03-2018; 1000 ;Fiscal;10200302008
01;0000004775;0007;AR CONDICIONADO SPLIT 9.000 BTUS INVERTE;00703591;05;06-03-2018; 1000 ;Fiscal;10200302008
01;0000004775;0008;AR CONDICIONADO SPLIT 9.000 BTUS INVERTE;00703592;05;06-03-2018; 1000 ;;
01;0000004775;0008;AR CONDICIONADO SPLIT 9.000 BTUS INVERTE;00703592;05;06-03-2018; 1000 ;Fiscal;10200302008
01;0000004775;0008;AR CONDICIONADO SPLIT 9.000 BTUS INVERTE;00703592;05;06-03-2018; 1000 ;Fiscal;10200302008
01;0000004775;0009;AR CONDICIONADO SPLIT 9.000 BTUS INVERTE;00703593;05;06-03-2018; 1000 ;;
01;0000004775;0009;AR CONDICIONADO SPLIT 9.000 BTUS INVERTE;00703593;05;06-03-2018; 1000 ;Fiscal;10200302008
01;0000004775;0009;AR CONDICIONADO SPLIT 9.000 BTUS INVERTE;00703593;05;06-03-2018; 1000 ;Fiscal;10200302008
01;0000004775;0010;AR CONDICIONADO SPLIT 9.000 BTUS INVERTE;00703594;05;06-03-2018; 1000 ;;
01;0000004775;0010;AR CONDICIONADO SPLIT 9.000 BTUS INVERTE;00703594;05;06-03-2018; 1000 ;Fiscal;10200302008
01;0000004775;0010;AR CONDICIONADO SPLIT 9.000 BTUS INVERTE;00703594;05;06-03-2018; 1000 ;Fiscal;10200302008
01;0000004783;0001;RELOGIO DE PONTO BIO INNER REP PLUS LFD;00703595;05;07-11-2018; 1000 ;;
01;0000004783;0001;RELOGIO DE PONTO BIO INNER REP PLUS LFD;00703595;05;07-11-2018; 1000 ;Fiscal;10200302008
01;0000004783;0001;RELOGIO DE PONTO BIO INNER REP PLUS LFD;00703595;05;07-11-2018; 1000 ;Fiscal;10200302008
01;0000004783;0002;RELOGIO DE PONTO BIO INNER REP PLUS LFD;00703596;05;07-11-2018; 1000 ;;
01;0000004783;0002;RELOGIO DE PONTO BIO INNER REP PLUS LFD;00703596;05;07-11-2018; 1000 ;Fiscal;10200302008
01;0000004783;0002;RELOGIO DE PONTO BIO INNER REP PLUS LFD;00703596;05;07-11-2018; 1000 ;Fiscal;10200302008
01;0000004786;0001;CATRACA BIOMETRICA CONTR.ACESSO E FREQ;00703597;05;02-02-2020; 1000 ;;
01;0000004786;0001;CATRACA BIOMETRICA CONTR.ACESSO E FREQ;00703597;05;02-02-2020; 1000 ;Fiscal;10200302008
01;0000004786;0001;CATRACA BIOMETRICA CONTR.ACESSO E FREQ;00703597;05;02-02-2020; 1000 ;Fiscal;10200302008
01;0000004787;0001;CATRACA CONTROLE DE ACESSO P- PCD;00703598;05;02-02-2020; 1000 ;;
01;0000004787;0001;CATRACA CONTROLE DE ACESSO P- PCD;00703598;05;02-02-2020; 1000 ;Fiscal;10200302008
01;0000004787;0001;CATRACA CONTROLE DE ACESSO P- PCD;00703598;05;02-02-2020; 1000 ;Fiscal;10200302008
01;0000004795;0001;DC CAPACITOR 4700 UF 450VDC;00703601;05;04-05-2020; 1000 ;;
01;0000004795;0001;DC CAPACITOR 4700 UF 450VDC;00703601;05;04-05-2020; 1000 ;Fiscal;10200302008
01;0000004795;0001;DC CAPACITOR 4700 UF 450VDC;00703601;05;04-05-2020; 1000 ;Fiscal;10200302008
01;0000004796;0001;CAPACITOR EPCOS ELETROLITICO DE 250VAC;703602;05;04-05-2020; 1000 ;;
01;0000004796;0001;CAPACITOR EPCOS ELETROLITICO DE 250VAC;703602;05;04-05-2020; 1000 ;Fiscal;10200302008
01;0000004796;0001;CAPACITOR EPCOS ELETROLITICO DE 250VAC;703602;05;04-05-2020; 1000 ;Fiscal;10200302008
01;0000004799;0001;BATERIA SELADA 12V 134AH PARA 1 NB 60KVA;00703605;05;04-05-2020; 2000 ;;
01;0000004799;0001;BATERIA SELADA 12V 134AH PARA 1 NB 60KVA;00703605;05;04-05-2020; 2000 ;Fiscal;10200302008
01;0000004799;0001;BATERIA SELADA 12V 134AH PARA 1 NB 60KVA;00703605;05;04-05-2020; 2000 ;Fiscal;10200302008
01;0000004800;0001;BATERIA FIRST POWER 12V 200AH PARA 2 NB;00703606;05;04-05-2020; 2000 ;;
01;0000004800;0001;BATERIA FIRST POWER 12V 200AH PARA 2 NB;00703606;05;04-05-2020; 2000 ;Fiscal;10200302008
01;0000004800;0001;BATERIA FIRST POWER 12V 200AH PARA 2 NB;00703606;05;04-05-2020; 2000 ;Fiscal;10200302008
01;0000004800;0002;BATERIA FIRST POWER 12V 200AH PARA 2 NB;00703607;05;04-05-2020; 2000 ;;
01;0000004800;0002;BATERIA FIRST POWER 12V 200AH PARA 2 NB;00703607;05;04-05-2020; 2000 ;Fiscal;10200302008
01;0000004800;0002;BATERIA FIRST POWER 12V 200AH PARA 2 NB;00703607;05;04-05-2020; 2000 ;Fiscal;10200302008
01;0000004800;0003;BATERIA FIRST POWER 12V 200AH PARA 2 NB;00703608;05;04-05-2020; 2000 ;;
01;0000004800;0003;BATERIA FIRST POWER 12V 200AH PARA 2 NB;00703608;05;04-05-2020; 2000 ;Fiscal;10200302008
01;0000004800;0003;BATERIA FIRST POWER 12V 200AH PARA 2 NB;00703608;05;04-05-2020; 2000 ;Fiscal;10200302008
01;0000004800;0004;BATERIA FIRST POWER 12V 200AH PARA 2 NB;00703609;05;04-05-2020; 2000 ;;
01;0000004800;0004;BATERIA FIRST POWER 12V 200AH PARA 2 NB;00703609;05;04-05-2020; 2000 ;Fiscal;10200302008
01;0000004800;0004;BATERIA FIRST POWER 12V 200AH PARA 2 NB;00703609;05;04-05-2020; 2000 ;Fiscal;10200302008
01;0000004800;0005;BATERIA FIRST POWER 12V 200AH PARA 2 NB;00703610;05;04-05-2020; 2000 ;;
01;0000004800;0005;BATERIA FIRST POWER 12V 200AH PARA 2 NB;00703610;05;04-05-2020; 2000 ;Fiscal;10200302008
01;0000004800;0005;BATERIA FIRST POWER 12V 200AH PARA 2 NB;00703610;05;04-05-2020; 2000 ;Fiscal;10200302008
01;0000004800;0006;BATERIA FIRST POWER 12V 200AH PARA 2 NB;00703611;05;04-05-2020; 2000 ;;
01;0000004800;0006;BATERIA FIRST POWER 12V 200AH PARA 2 NB;00703611;05;04-05-2020; 2000 ;Fiscal;10200302008
01;0000004800;0006;BATERIA FIRST POWER 12V 200AH PARA 2 NB;00703611;05;04-05-2020; 2000 ;Fiscal;10200302008
01;0000004800;0007;BATERIA FIRST POWER 12V 200AH PARA 2 NB;00703612;05;04-05-2020; 2000 ;;
01;0000004800;0007;BATERIA FIRST POWER 12V 200AH PARA 2 NB;00703612;05;04-05-2020; 2000 ;Fiscal;10200302008
01;0000004800;0007;BATERIA FIRST POWER 12V 200AH PARA 2 NB;00703612;05;04-05-2020; 2000 ;Fiscal;10200302008
01;0000004800;0008;BATERIA FIRST POWER 12V 200AH PARA 2 NB;00703613;05;04-05-2020; 2000 ;;
01;0000004800;0008;BATERIA FIRST POWER 12V 200AH PARA 2 NB;00703613;05;04-05-2020; 2000 ;Fiscal;10200302008
01;0000004800;0008;BATERIA FIRST POWER 12V 200AH PARA 2 NB;00703613;05;04-05-2020; 2000 ;Fiscal;10200302008
01;0000004800;0009;BATERIA FIRST POWER 12V 200AH PARA 2 NB;00703614;05;04-05-2020; 2000 ;;
01;0000004800;0009;BATERIA FIRST POWER 12V 200AH PARA 2 NB;00703614;05;04-05-2020; 2000 ;Fiscal;10200302008
01;0000004800;0009;BATERIA FIRST POWER 12V 200AH PARA 2 NB;00703614;05;04-05-2020; 2000 ;Fiscal;10200302008
01;0000004800;0010;BATERIA FIRST POWER 12V 200AH PARA 2 NB;00703615;05;04-05-2020; 2000 ;;
01;0000004800;0010;BATERIA FIRST POWER 12V 200AH PARA 2 NB;00703615;05;04-05-2020; 2000 ;Fiscal;10200302008
01;0000004800;0010;BATERIA FIRST POWER 12V 200AH PARA 2 NB;00703615;05;04-05-2020; 2000 ;Fiscal;10200302008
01;0000004800;0011;BATERIA FIRST POWER 12V 200AH PARA 2 NB;00703616;05;04-05-2020; 2000 ;;
01;0000004800;0011;BATERIA FIRST POWER 12V 200AH PARA 2 NB;00703616;05;04-05-2020; 2000 ;Fiscal;10200302008
01;0000004800;0011;BATERIA FIRST POWER 12V 200AH PARA 2 NB;00703616;05;04-05-2020; 2000 ;Fiscal;10200302008
01;0000004800;0012;BATERIA FIRST POWER 12V 200AH PARA 2 NB;00703617;05;04-05-2020; 2000 ;;
01;0000004800;0012;BATERIA FIRST POWER 12V 200AH PARA 2 NB;00703617;05;04-05-2020; 2000 ;Fiscal;10200302008
01;0000004800;0012;BATERIA FIRST POWER 12V 200AH PARA 2 NB;00703617;05;04-05-2020; 2000 ;Fiscal;10200302008
01;0000004800;0013;BATERIA FIRST POWER 12V 200AH PARA 2 NB;00703618;05;04-05-2020; 2000 ;;
01;0000004800;0013;BATERIA FIRST POWER 12V 200AH PARA 2 NB;00703618;05;04-05-2020; 2000 ;Fiscal;10200302008
01;0000004800;0013;BATERIA FIRST POWER 12V 200AH PARA 2 NB;00703618;05;04-05-2020; 2000 ;Fiscal;10200302008
01;0000004800;0014;BATERIA FIRST POWER 12V 200AH PARA 2 NB;00703619;05;04-05-2020; 2000 ;;
01;0000004800;0014;BATERIA FIRST POWER 12V 200AH PARA 2 NB;00703619;05;04-05-2020; 2000 ;Fiscal;10200302008
01;0000004800;0014;BATERIA FIRST POWER 12V 200AH PARA 2 NB;00703619;05;04-05-2020; 2000 ;Fiscal;10200302008
01;0000004800;0015;BATERIA FIRST POWER 12V 200AH PARA 2 NB;00703620;05;04-05-2020; 2000 ;;
01;0000004800;0015;BATERIA FIRST POWER 12V 200AH PARA 2 NB;00703620;05;04-05-2020; 2000 ;Fiscal;10200302008
01;0000004800;0015;BATERIA FIRST POWER 12V 200AH PARA 2 NB;00703620;05;04-05-2020; 2000 ;Fiscal;10200302008
01;0000004800;0016;BATERIA FIRST POWER 12V 200AH PARA 2 NB;00703621;05;04-05-2020; 2000 ;;
01;0000004800;0016;BATERIA FIRST POWER 12V 200AH PARA 2 NB;00703621;05;04-05-2020; 2000 ;Fiscal;10200302008
01;0000004800;0016;BATERIA FIRST POWER 12V 200AH PARA 2 NB;00703621;05;04-05-2020; 2000 ;Fiscal;10200302008
01;0000004800;0017;BATERIA FIRST POWER 12V 200AH PARA 2 NB;00703622;05;04-05-2020; 2000 ;;
01;0000004800;0017;BATERIA FIRST POWER 12V 200AH PARA 2 NB;00703622;05;04-05-2020; 2000 ;Fiscal;10200302008
01;0000004800;0017;BATERIA FIRST POWER 12V 200AH PARA 2 NB;00703622;05;04-05-2020; 2000 ;Fiscal;10200302008
01;0000004800;0018;BATERIA FIRST POWER 12V 200AH PARA 2 NB;00703623;05;04-05-2020; 2000 ;;
01;0000004800;0018;BATERIA FIRST POWER 12V 200AH PARA 2 NB;00703623;05;04-05-2020; 2000 ;Fiscal;10200302008
01;0000004800;0018;BATERIA FIRST POWER 12V 200AH PARA 2 NB;00703623;05;04-05-2020; 2000 ;Fiscal;10200302008
01;0000004800;0019;BATERIA FIRST POWER 12V 200AH PARA 2 NB;00703624;05;04-05-2020; 2000 ;;
01;0000004800;0019;BATERIA FIRST POWER 12V 200AH PARA 2 NB;00703624;05;04-05-2020; 2000 ;Fiscal;10200302008
01;0000004800;0019;BATERIA FIRST POWER 12V 200AH PARA 2 NB;00703624;05;04-05-2020; 2000 ;Fiscal;10200302008
01;0000004800;0020;BATERIA FIRST POWER 12V 200AH PARA 2 NB;00703625;05;04-05-2020; 2000 ;;
01;0000004800;0020;BATERIA FIRST POWER 12V 200AH PARA 2 NB;00703625;05;04-05-2020; 2000 ;Fiscal;10200302008
01;0000004800;0020;BATERIA FIRST POWER 12V 200AH PARA 2 NB;00703625;05;04-05-2020; 2000 ;Fiscal;10200302008
01;0000004800;0021;BATERIA FIRST POWER 12V 200AH PARA 2 NB;00703626;05;04-05-2020; 2000 ;;
01;0000004800;0021;BATERIA FIRST POWER 12V 200AH PARA 2 NB;00703626;05;04-05-2020; 2000 ;Fiscal;10200302008
01;0000004800;0021;BATERIA FIRST POWER 12V 200AH PARA 2 NB;00703626;05;04-05-2020; 2000 ;Fiscal;10200302008
01;0000004800;0022;BATERIA FIRST POWER 12V 200AH PARA 2 NB;00703627;05;04-05-2020; 2000 ;;
01;0000004800;0022;BATERIA FIRST POWER 12V 200AH PARA 2 NB;00703627;05;04-05-2020; 2000 ;Fiscal;10200302008
01;0000004800;0022;BATERIA FIRST POWER 12V 200AH PARA 2 NB;00703627;05;04-05-2020; 2000 ;Fiscal;10200302008
01;0000004800;0023;BATERIA FIRST POWER 12V 200AH PARA 2 NB;00703628;05;04-05-2020; 2000 ;;
01;0000004800;0023;BATERIA FIRST POWER 12V 200AH PARA 2 NB;00703628;05;04-05-2020; 2000 ;Fiscal;10200302008
01;0000004800;0023;BATERIA FIRST POWER 12V 200AH PARA 2 NB;00703628;05;04-05-2020; 2000 ;Fiscal;10200302008
01;0000004800;0024;BATERIA FIRST POWER 12V 200AH PARA 2 NB;00703629;05;04-05-2020; 2000 ;;
01;0000004800;0024;BATERIA FIRST POWER 12V 200AH PARA 2 NB;00703629;05;04-05-2020; 2000 ;Fiscal;10200302008
01;0000004800;0024;BATERIA FIRST POWER 12V 200AH PARA 2 NB;00703629;05;04-05-2020; 2000 ;Fiscal;10200302008
01;0000004800;0025;BATERIA FIRST POWER 12V 200AH PARA 2 NB;00703630;05;04-05-2020; 2000 ;;
01;0000004800;0025;BATERIA FIRST POWER 12V 200AH PARA 2 NB;00703630;05;04-05-2020; 2000 ;Fiscal;10200302008
01;0000004800;0025;BATERIA FIRST POWER 12V 200AH PARA 2 NB;00703630;05;04-05-2020; 2000 ;Fiscal;10200302008
01;0000004800;0026;BATERIA FIRST POWER 12V 200AH PARA 2 NB;00703631;05;04-05-2020; 2000 ;;
01;0000004800;0026;BATERIA FIRST POWER 12V 200AH PARA 2 NB;00703631;05;04-05-2020; 2000 ;Fiscal;10200302008
01;0000004800;0026;BATERIA FIRST POWER 12V 200AH PARA 2 NB;00703631;05;04-05-2020; 2000 ;Fiscal;10200302008
01;0000004800;0027;BATERIA FIRST POWER 12V 200AH PARA 2 NB;00703632;05;04-05-2020; 2000 ;;
01;0000004800;0027;BATERIA FIRST POWER 12V 200AH PARA 2 NB;00703632;05;04-05-2020; 2000 ;Fiscal;10200302008
01;0000004800;0027;BATERIA FIRST POWER 12V 200AH PARA 2 NB;00703632;05;04-05-2020; 2000 ;Fiscal;10200302008
01;0000004800;0028;BATERIA FIRST POWER 12V 200AH PARA 2 NB;00703633;05;04-05-2020; 2000 ;;
01;0000004800;0028;BATERIA FIRST POWER 12V 200AH PARA 2 NB;00703633;05;04-05-2020; 2000 ;Fiscal;10200302008
01;0000004800;0028;BATERIA FIRST POWER 12V 200AH PARA 2 NB;00703633;05;04-05-2020; 2000 ;Fiscal;10200302008
01;0000004800;0029;BATERIA FIRST POWER 12V 200AH PARA 2 NB;00703634;05;04-05-2020; 2000 ;;
01;0000004800;0029;BATERIA FIRST POWER 12V 200AH PARA 2 NB;00703634;05;04-05-2020; 2000 ;Fiscal;10200302008
01;0000004800;0029;BATERIA FIRST POWER 12V 200AH PARA 2 NB;00703634;05;04-05-2020; 2000 ;Fiscal;10200302008
01;0000004800;0030;BATERIA FIRST POWER 12V 200AH PARA 2 NB;00703635;05;04-05-2020; 2000 ;;
01;0000004800;0030;BATERIA FIRST POWER 12V 200AH PARA 2 NB;00703635;05;04-05-2020; 2000 ;Fiscal;10200302008
01;0000004800;0030;BATERIA FIRST POWER 12V 200AH PARA 2 NB;00703635;05;04-05-2020; 2000 ;Fiscal;10200302008
01;0000004800;0031;BATERIA FIRST POWER 12V 200AH PARA 2 NB;00703636;05;04-05-2020; 2000 ;;
01;0000004800;0031;BATERIA FIRST POWER 12V 200AH PARA 2 NB;00703636;05;04-05-2020; 2000 ;Fiscal;10200302008
01;0000004800;0031;BATERIA FIRST POWER 12V 200AH PARA 2 NB;00703636;05;04-05-2020; 2000 ;Fiscal;10200302008
01;0000004800;0032;BATERIA FIRST POWER 12V 200AH PARA 2 NB;00703637;05;04-05-2020; 2000 ;;
01;0000004800;0032;BATERIA FIRST POWER 12V 200AH PARA 2 NB;00703637;05;04-05-2020; 2000 ;Fiscal;10200302008
01;0000004800;0032;BATERIA FIRST POWER 12V 200AH PARA 2 NB;00703637;05;04-05-2020; 2000 ;Fiscal;10200302008
01;0000004800;0033;BATERIA FIRST POWER 12V 200AH PARA 2 NB;00703638;05;04-05-2020; 2000 ;;
01;0000004800;0033;BATERIA FIRST POWER 12V 200AH PARA 2 NB;00703638;05;04-05-2020; 2000 ;Fiscal;10200302008
01;0000004800;0033;BATERIA FIRST POWER 12V 200AH PARA 2 NB;00703638;05;04-05-2020; 2000 ;Fiscal;10200302008
01;0000004800;0034;BATERIA FIRST POWER 12V 200AH PARA 2 NB;00703639;05;04-05-2020; 2000 ;;
01;0000004800;0034;BATERIA FIRST POWER 12V 200AH PARA 2 NB;00703639;05;04-05-2020; 2000 ;Fiscal;10200302008
01;0000004800;0034;BATERIA FIRST POWER 12V 200AH PARA 2 NB;00703639;05;04-05-2020; 2000 ;Fiscal;10200302008
01;0000004800;0035;BATERIA FIRST POWER 12V 200AH PARA 2 NB;00703640;05;04-05-2020; 2000 ;;
01;0000004800;0035;BATERIA FIRST POWER 12V 200AH PARA 2 NB;00703640;05;04-05-2020; 2000 ;Fiscal;10200302008
01;0000004800;0035;BATERIA FIRST POWER 12V 200AH PARA 2 NB;00703640;05;04-05-2020; 2000 ;Fiscal;10200302008
01;0000004800;0036;BATERIA FIRST POWER 12V 200AH PARA 2 NB;00703641;05;04-05-2020; 2000 ;;
01;0000004800;0036;BATERIA FIRST POWER 12V 200AH PARA 2 NB;00703641;05;04-05-2020; 2000 ;Fiscal;10200302008
01;0000004800;0036;BATERIA FIRST POWER 12V 200AH PARA 2 NB;00703641;05;04-05-2020; 2000 ;Fiscal;10200302008
01;0000004800;0037;BATERIA FIRST POWER 12V 200AH PARA 2 NB;00703642;05;04-05-2020; 2000 ;;
01;0000004800;0037;BATERIA FIRST POWER 12V 200AH PARA 2 NB;00703642;05;04-05-2020; 2000 ;Fiscal;10200302008
01;0000004800;0037;BATERIA FIRST POWER 12V 200AH PARA 2 NB;00703642;05;04-05-2020; 2000 ;Fiscal;10200302008
01;0000004800;0038;BATERIA FIRST POWER 12V 200AH PARA 2 NB;00703643;05;04-05-2020; 2000 ;;
01;0000004800;0038;BATERIA FIRST POWER 12V 200AH PARA 2 NB;00703643;05;04-05-2020; 2000 ;Fiscal;10200302008
01;0000004800;0038;BATERIA FIRST POWER 12V 200AH PARA 2 NB;00703643;05;04-05-2020; 2000 ;Fiscal;10200302008
01;0000004800;0039;BATERIA FIRST POWER 12V 200AH PARA 2 NB;00703644;05;04-05-2020; 2000 ;;
01;0000004800;0039;BATERIA FIRST POWER 12V 200AH PARA 2 NB;00703644;05;04-05-2020; 2000 ;Fiscal;10200302008
01;0000004800;0039;BATERIA FIRST POWER 12V 200AH PARA 2 NB;00703644;05;04-05-2020; 2000 ;Fiscal;10200302008
01;0000004800;0040;BATERIA FIRST POWER 12V 200AH PARA 2 NB;00703645;05;04-05-2020; 2000 ;;
01;0000004800;0040;BATERIA FIRST POWER 12V 200AH PARA 2 NB;00703645;05;04-05-2020; 2000 ;Fiscal;10200302008
01;0000004800;0040;BATERIA FIRST POWER 12V 200AH PARA 2 NB;00703645;05;04-05-2020; 2000 ;Fiscal;10200302008
01;0000004800;0041;BATERIA FIRST POWER 12V 200AH PARA 2 NB;00703646;05;04-05-2020; 2000 ;;
01;0000004800;0041;BATERIA FIRST POWER 12V 200AH PARA 2 NB;00703646;05;04-05-2020; 2000 ;Fiscal;10200302008
01;0000004800;0041;BATERIA FIRST POWER 12V 200AH PARA 2 NB;00703646;05;04-05-2020; 2000 ;Fiscal;10200302008
01;0000004800;0042;BATERIA FIRST POWER 12V 200AH PARA 2 NB;00703647;05;04-05-2020; 2000 ;;
01;0000004800;0042;BATERIA FIRST POWER 12V 200AH PARA 2 NB;00703647;05;04-05-2020; 2000 ;Fiscal;10200302008
01;0000004800;0042;BATERIA FIRST POWER 12V 200AH PARA 2 NB;00703647;05;04-05-2020; 2000 ;Fiscal;10200302008
01;0000004800;0043;BATERIA FIRST POWER 12V 200AH PARA 2 NB;00703648;05;04-05-2020; 2000 ;;
01;0000004800;0043;BATERIA FIRST POWER 12V 200AH PARA 2 NB;00703648;05;04-05-2020; 2000 ;Fiscal;10200302008
01;0000004800;0043;BATERIA FIRST POWER 12V 200AH PARA 2 NB;00703648;05;04-05-2020; 2000 ;Fiscal;10200302008
01;0000004800;0044;BATERIA FIRST POWER 12V 200AH PARA 2 NB;00703649;05;04-05-2020; 2000 ;;
01;0000004800;0044;BATERIA FIRST POWER 12V 200AH PARA 2 NB;00703649;05;04-05-2020; 2000 ;Fiscal;10200302008
01;0000004800;0044;BATERIA FIRST POWER 12V 200AH PARA 2 NB;00703649;05;04-05-2020; 2000 ;Fiscal;10200302008
01;0000004800;0045;BATERIA FIRST POWER 12V 200AH PARA 2 NB;00703650;05;04-05-2020; 2000 ;;
01;0000004800;0045;BATERIA FIRST POWER 12V 200AH PARA 2 NB;00703650;05;04-05-2020; 2000 ;Fiscal;10200302008
01;0000004800;0045;BATERIA FIRST POWER 12V 200AH PARA 2 NB;00703650;05;04-05-2020; 2000 ;Fiscal;10200302008
01;0000004800;0046;BATERIA FIRST POWER 12V 200AH PARA 2 NB;00703651;05;04-05-2020; 2000 ;;
01;0000004800;0046;BATERIA FIRST POWER 12V 200AH PARA 2 NB;00703651;05;04-05-2020; 2000 ;Fiscal;10200302008
01;0000004800;0046;BATERIA FIRST POWER 12V 200AH PARA 2 NB;00703651;05;04-05-2020; 2000 ;Fiscal;10200302008
01;0000004800;0047;BATERIA FIRST POWER 12V 200AH PARA 2 NB;00703652;05;04-05-2020; 2000 ;;
01;0000004800;0047;BATERIA FIRST POWER 12V 200AH PARA 2 NB;00703652;05;04-05-2020; 2000 ;Fiscal;10200302008
01;0000004800;0047;BATERIA FIRST POWER 12V 200AH PARA 2 NB;00703652;05;04-05-2020; 2000 ;Fiscal;10200302008
01;0000004800;0048;BATERIA FIRST POWER 12V 200AH PARA 2 NB;00703653;05;04-05-2020; 2000 ;;
01;0000004800;0048;BATERIA FIRST POWER 12V 200AH PARA 2 NB;00703653;05;04-05-2020; 2000 ;Fiscal;10200302008
01;0000004800;0048;BATERIA FIRST POWER 12V 200AH PARA 2 NB;00703653;05;04-05-2020; 2000 ;Fiscal;10200302008
01;0000004800;0049;BATERIA FIRST POWER 12V 200AH PARA 2 NB;00703654;05;04-05-2020; 2000 ;;
01;0000004800;0049;BATERIA FIRST POWER 12V 200AH PARA 2 NB;00703654;05;04-05-2020; 2000 ;Fiscal;10200302008
01;0000004800;0049;BATERIA FIRST POWER 12V 200AH PARA 2 NB;00703654;05;04-05-2020; 2000 ;Fiscal;10200302008
01;0000004800;0050;BATERIA FIRST POWER 12V 200AH PARA 2 NB;00703655;05;04-05-2020; 2000 ;;
01;0000004800;0050;BATERIA FIRST POWER 12V 200AH PARA 2 NB;00703655;05;04-05-2020; 2000 ;Fiscal;10200302008
01;0000004800;0050;BATERIA FIRST POWER 12V 200AH PARA 2 NB;00703655;05;04-05-2020; 2000 ;Fiscal;10200302008
01;0000004800;0051;BATERIA FIRST POWER 12V 200AH PARA 2 NB;00703656;05;04-05-2020; 2000 ;;
01;0000004800;0051;BATERIA FIRST POWER 12V 200AH PARA 2 NB;00703656;05;04-05-2020; 2000 ;Fiscal;10200302008
01;0000004800;0051;BATERIA FIRST POWER 12V 200AH PARA 2 NB;00703656;05;04-05-2020; 2000 ;Fiscal;10200302008
01;0000004800;0052;BATERIA FIRST POWER 12V 200AH PARA 2 NB;00703657;05;04-05-2020; 2000 ;;
01;0000004800;0052;BATERIA FIRST POWER 12V 200AH PARA 2 NB;00703657;05;04-05-2020; 2000 ;Fiscal;10200302008
01;0000004800;0052;BATERIA FIRST POWER 12V 200AH PARA 2 NB;00703657;05;04-05-2020; 2000 ;Fiscal;10200302008
01;0000004800;0053;BATERIA FIRST POWER 12V 200AH PARA 2 NB;00703658;05;04-05-2020; 2000 ;;
01;0000004800;0053;BATERIA FIRST POWER 12V 200AH PARA 2 NB;00703658;05;04-05-2020; 2000 ;Fiscal;10200302008
01;0000004800;0053;BATERIA FIRST POWER 12V 200AH PARA 2 NB;00703658;05;04-05-2020; 2000 ;Fiscal;10200302008
01;0000004800;0054;BATERIA FIRST POWER 12V 200AH PARA 2 NB;00703659;05;04-05-2020; 2000 ;;
01;0000004800;0054;BATERIA FIRST POWER 12V 200AH PARA 2 NB;00703659;05;04-05-2020; 2000 ;Fiscal;10200302008
01;0000004800;0054;BATERIA FIRST POWER 12V 200AH PARA 2 NB;00703659;05;04-05-2020; 2000 ;Fiscal;10200302008
01;0000004800;0055;BATERIA FIRST POWER 12V 200AH PARA 2 NB;00703660;05;04-05-2020; 2000 ;;
01;0000004800;0055;BATERIA FIRST POWER 12V 200AH PARA 2 NB;00703660;05;04-05-2020; 2000 ;Fiscal;10200302008
01;0000004800;0055;BATERIA FIRST POWER 12V 200AH PARA 2 NB;00703660;05;04-05-2020; 2000 ;Fiscal;10200302008
01;0000004800;0056;BATERIA FIRST POWER 12V 200AH PARA 2 NB;00703661;05;04-05-2020; 2000 ;;
01;0000004800;0056;BATERIA FIRST POWER 12V 200AH PARA 2 NB;00703661;05;04-05-2020; 2000 ;Fiscal;10200302008
01;0000004800;0056;BATERIA FIRST POWER 12V 200AH PARA 2 NB;00703661;05;04-05-2020; 2000 ;Fiscal;10200302008
01;0000004800;0057;BATERIA FIRST POWER 12V 200AH PARA 2 NB;00703662;05;04-05-2020; 2000 ;;
01;0000004800;0057;BATERIA FIRST POWER 12V 200AH PARA 2 NB;00703662;05;04-05-2020; 2000 ;Fiscal;10200302008
01;0000004800;0057;BATERIA FIRST POWER 12V 200AH PARA 2 NB;00703662;05;04-05-2020; 2000 ;Fiscal;10200302008
01;0000004800;0058;BATERIA FIRST POWER 12V 200AH PARA 2 NB;00703663;05;04-05-2020; 2000 ;;
01;0000004800;0058;BATERIA FIRST POWER 12V 200AH PARA 2 NB;00703663;05;04-05-2020; 2000 ;Fiscal;10200302008
01;0000004800;0058;BATERIA FIRST POWER 12V 200AH PARA 2 NB;00703663;05;04-05-2020; 2000 ;Fiscal;10200302008
01;0000004800;0059;BATERIA FIRST POWER 12V 200AH PARA 2 NB;00703664;05;04-05-2020; 2000 ;;
01;0000004800;0059;BATERIA FIRST POWER 12V 200AH PARA 2 NB;00703664;05;04-05-2020; 2000 ;Fiscal;10200302008
01;0000004800;0059;BATERIA FIRST POWER 12V 200AH PARA 2 NB;00703664;05;04-05-2020; 2000 ;Fiscal;10200302008
01;0000004800;0060;BATERIA FIRST POWER 12V 200AH PARA 2 NB;00703665;05;04-05-2020; 2000 ;;
01;0000004800;0060;BATERIA FIRST POWER 12V 200AH PARA 2 NB;00703665;05;04-05-2020; 2000 ;Fiscal;10200302008
01;0000004800;0060;BATERIA FIRST POWER 12V 200AH PARA 2 NB;00703665;05;04-05-2020; 2000 ;Fiscal;10200302008
01;0000004800;0061;BATERIA FIRST POWER 12V 200AH PARA 2 NB;00703666;05;04-05-2020; 2000 ;;
01;0000004800;0061;BATERIA FIRST POWER 12V 200AH PARA 2 NB;00703666;05;04-05-2020; 2000 ;Fiscal;10200302008
01;0000004800;0061;BATERIA FIRST POWER 12V 200AH PARA 2 NB;00703666;05;04-05-2020; 2000 ;Fiscal;10200302008
01;0000004800;0062;BATERIA FIRST POWER 12V 200AH PARA 2 NB;00703667;05;04-05-2020; 2000 ;;
01;0000004800;0062;BATERIA FIRST POWER 12V 200AH PARA 2 NB;00703667;05;04-05-2020; 2000 ;Fiscal;10200302008
01;0000004800;0062;BATERIA FIRST POWER 12V 200AH PARA 2 NB;00703667;05;04-05-2020; 2000 ;Fiscal;10200302008
01;0000004800;0063;BATERIA FIRST POWER 12V 200AH PARA 2 NB;00703668;05;04-05-2020; 2000 ;;
01;0000004800;0063;BATERIA FIRST POWER 12V 200AH PARA 2 NB;00703668;05;04-05-2020; 2000 ;Fiscal;10200302008
01;0000004800;0063;BATERIA FIRST POWER 12V 200AH PARA 2 NB;00703668;05;04-05-2020; 2000 ;Fiscal;10200302008
01;0000004800;0064;BATERIA FIRST POWER 12V 200AH PARA 2 NB;00703669;05;04-05-2020; 2000 ;;
01;0000004800;0064;BATERIA FIRST POWER 12V 200AH PARA 2 NB;00703669;05;04-05-2020; 2000 ;Fiscal;10200302008
01;0000004800;0064;BATERIA FIRST POWER 12V 200AH PARA 2 NB;00703669;05;04-05-2020; 2000 ;Fiscal;10200302008
01;0000004800;0065;BATERIA FIRST POWER 12V 200AH PARA 2 NB;00703670;05;04-05-2020; 2000 ;;
01;0000004800;0065;BATERIA FIRST POWER 12V 200AH PARA 2 NB;00703670;05;04-05-2020; 2000 ;Fiscal;10200302008
01;0000004800;0065;BATERIA FIRST POWER 12V 200AH PARA 2 NB;00703670;05;04-05-2020; 2000 ;Fiscal;10200302008
01;0000004800;0066;BATERIA FIRST POWER 12V 200AH PARA 2 NB;00703671;05;04-05-2020; 2000 ;;
01;0000004800;0066;BATERIA FIRST POWER 12V 200AH PARA 2 NB;00703671;05;04-05-2020; 2000 ;Fiscal;10200302008
01;0000004800;0066;BATERIA FIRST POWER 12V 200AH PARA 2 NB;00703671;05;04-05-2020; 2000 ;Fiscal;10200302008
01;0000004800;0067;BATERIA FIRST POWER 12V 200AH PARA 2 NB;00703672;05;04-05-2020; 2000 ;;
01;0000004800;0067;BATERIA FIRST POWER 12V 200AH PARA 2 NB;00703672;05;04-05-2020; 2000 ;Fiscal;10200302008
01;0000004800;0067;BATERIA FIRST POWER 12V 200AH PARA 2 NB;00703672;05;04-05-2020; 2000 ;Fiscal;10200302008
01;0000004800;0068;BATERIA FIRST POWER 12V 200AH PARA 2 NB;00703673;05;04-05-2020; 2000 ;;
01;0000004800;0068;BATERIA FIRST POWER 12V 200AH PARA 2 NB;00703673;05;04-05-2020; 2000 ;Fiscal;10200302008
01;0000004800;0068;BATERIA FIRST POWER 12V 200AH PARA 2 NB;00703673;05;04-05-2020; 2000 ;Fiscal;10200302008
01;0000004800;0069;BATERIA FIRST POWER 12V 200AH PARA 2 NB;00703674;05;04-05-2020; 2000 ;;
01;0000004800;0069;BATERIA FIRST POWER 12V 200AH PARA 2 NB;00703674;05;04-05-2020; 2000 ;Fiscal;10200302008
01;0000004800;0069;BATERIA FIRST POWER 12V 200AH PARA 2 NB;00703674;05;04-05-2020; 2000 ;Fiscal;10200302008
01;0000004800;0070;BATERIA FIRST POWER 12V 200AH PARA 2 NB;00703675;05;04-05-2020; 2000 ;;
01;0000004800;0070;BATERIA FIRST POWER 12V 200AH PARA 2 NB;00703675;05;04-05-2020; 2000 ;Fiscal;10200302008
01;0000004800;0070;BATERIA FIRST POWER 12V 200AH PARA 2 NB;00703675;05;04-05-2020; 2000 ;Fiscal;10200302008
01;0000004800;0071;BATERIA FIRST POWER 12V 200AH PARA 2 NB;00703676;05;04-05-2020; 2000 ;;
01;0000004800;0071;BATERIA FIRST POWER 12V 200AH PARA 2 NB;00703676;05;04-05-2020; 2000 ;Fiscal;10200302008
01;0000004800;0071;BATERIA FIRST POWER 12V 200AH PARA 2 NB;00703676;05;04-05-2020; 2000 ;Fiscal;10200302008
01;0000004800;0072;BATERIA FIRST POWER 12V 200AH PARA 2 NB;00703677;05;04-05-2020; 2000 ;;
01;0000004800;0072;BATERIA FIRST POWER 12V 200AH PARA 2 NB;00703677;05;04-05-2020; 2000 ;Fiscal;10200302008
01;0000004800;0072;BATERIA FIRST POWER 12V 200AH PARA 2 NB;00703677;05;04-05-2020; 2000 ;Fiscal;10200302008
01;0000004800;0073;BATERIA FIRST POWER 12V 200AH PARA 2 NB;00703678;05;04-05-2020; 2000 ;;
01;0000004800;0073;BATERIA FIRST POWER 12V 200AH PARA 2 NB;00703678;05;04-05-2020; 2000 ;Fiscal;10200302008
01;0000004800;0073;BATERIA FIRST POWER 12V 200AH PARA 2 NB;00703678;05;04-05-2020; 2000 ;Fiscal;10200302008
01;0000004800;0074;BATERIA FIRST POWER 12V 200AH PARA 2 NB;00703679;05;04-05-2020; 2000 ;;
01;0000004800;0074;BATERIA FIRST POWER 12V 200AH PARA 2 NB;00703679;05;04-05-2020; 2000 ;Fiscal;10200302008
01;0000004800;0074;BATERIA FIRST POWER 12V 200AH PARA 2 NB;00703679;05;04-05-2020; 2000 ;Fiscal;10200302008
01;0000004800;0075;BATERIA FIRST POWER 12V 200AH PARA 2 NB;00703680;05;04-05-2020; 2000 ;;
01;0000004800;0075;BATERIA FIRST POWER 12V 200AH PARA 2 NB;00703680;05;04-05-2020; 2000 ;Fiscal;10200302008
01;0000004800;0075;BATERIA FIRST POWER 12V 200AH PARA 2 NB;00703680;05;04-05-2020; 2000 ;Fiscal;10200302008
01;0000004800;0076;BATERIA FIRST POWER 12V 200AH PARA 2 NB;00703681;05;04-05-2020; 2000 ;;
01;0000004800;0076;BATERIA FIRST POWER 12V 200AH PARA 2 NB;00703681;05;04-05-2020; 2000 ;Fiscal;10200302008
01;0000004800;0076;BATERIA FIRST POWER 12V 200AH PARA 2 NB;00703681;05;04-05-2020; 2000 ;Fiscal;10200302008
01;0000004800;0077;BATERIA FIRST POWER 12V 200AH PARA 2 NB;00703682;05;04-05-2020; 2000 ;;
01;0000004800;0077;BATERIA FIRST POWER 12V 200AH PARA 2 NB;00703682;05;04-05-2020; 2000 ;Fiscal;10200302008
01;0000004800;0077;BATERIA FIRST POWER 12V 200AH PARA 2 NB;00703682;05;04-05-2020; 2000 ;Fiscal;10200302008
01;0000004800;0078;BATERIA FIRST POWER 12V 200AH PARA 2 NB;00703683;05;04-05-2020; 2000 ;;
01;0000004800;0078;BATERIA FIRST POWER 12V 200AH PARA 2 NB;00703683;05;04-05-2020; 2000 ;Fiscal;10200302008
01;0000004800;0078;BATERIA FIRST POWER 12V 200AH PARA 2 NB;00703683;05;04-05-2020; 2000 ;Fiscal;10200302008
01;0000004800;0079;BATERIA FIRST POWER 12V 200AH PARA 2 NB;00703684;05;04-05-2020; 2000 ;;
01;0000004800;0079;BATERIA FIRST POWER 12V 200AH PARA 2 NB;00703684;05;04-05-2020; 2000 ;Fiscal;10200302008
01;0000004800;0079;BATERIA FIRST POWER 12V 200AH PARA 2 NB;00703684;05;04-05-2020; 2000 ;Fiscal;10200302008
01;0000004800;0080;BATERIA FIRST POWER 12V 200AH PARA 2 NB;00703685;05;04-05-2020; 2000 ;;
01;0000004800;0080;BATERIA FIRST POWER 12V 200AH PARA 2 NB;00703685;05;04-05-2020; 2000 ;Fiscal;10200302008
01;0000004800;0080;BATERIA FIRST POWER 12V 200AH PARA 2 NB;00703685;05;04-05-2020; 2000 ;Fiscal;10200302008
01;0000004820;0001;AR CONDICIONADO DE 60,000 BTUS;;05;21-10-2021; 1000 ;;
01;0000004820;0001;AR CONDICIONADO DE 60,000 BTUS;;05;21-10-2021; 1000 ;Fiscal;10200302008
01;0000004820;0001;AR CONDICIONADO DE 60,000 BTUS;;05;21-10-2021; 1000 ;Fiscal;10200302008
01;0000004821;0001;AR CONDICIONADO DE 60,000 BTUS;;05;21-10-2021; 1000 ;;
01;0000004821;0001;AR CONDICIONADO DE 60,000 BTUS;;05;21-10-2021; 1000 ;Fiscal;10200302008
01;0000004821;0001;AR CONDICIONADO DE 60,000 BTUS;;05;21-10-2021; 1000 ;Fiscal;10200302008
01;0000004822;0001;AR CONDICIONADO DE 60,000 BTUS;;05;21-10-2021; 1000 ;;
01;0000004822;0001;AR CONDICIONADO DE 60,000 BTUS;;05;21-10-2021; 1000 ;Fiscal;10200302008
01;0000004822;0001;AR CONDICIONADO DE 60,000 BTUS;;05;21-10-2021; 1000 ;Fiscal;10200302008
01;0000004839;0002;BEBEDOURO DE COLUNA GARRAFAO 20 LITROS 1;00703967;05;26-09-2022; 1000 ;;
01;0000004839;0002;BEBEDOURO DE COLUNA GARRAFAO 20 LITROS 1;00703967;05;26-09-2022; 1000 ;Fiscal;10200302008
01;0000004839;0002;BEBEDOURO DE COLUNA GARRAFAO 20 LITROS 1;00703967;05;26-09-2022; 1000 ;Fiscal;10200302008
01;0000004839;0003;BEBEDOURO DE COLUNA GARRAFAO 20 LITROS 1;00703968;05;26-09-2022; 1000 ;;
01;0000004839;0003;BEBEDOURO DE COLUNA GARRAFAO 20 LITROS 1;00703968;05;26-09-2022; 1000 ;Fiscal;10200302008
01;0000004839;0003;BEBEDOURO DE COLUNA GARRAFAO 20 LITROS 1;00703968;05;26-09-2022; 1000 ;Fiscal;10200302008
01;0000004839;0004;BEBEDOURO DE COLUNA GARRAFAO 20 LITROS 1;00703969;05;26-09-2022; 1000 ;;
01;0000004839;0004;BEBEDOURO DE COLUNA GARRAFAO 20 LITROS 1;00703969;05;26-09-2022; 1000 ;Fiscal;10200302008
01;0000004839;0004;BEBEDOURO DE COLUNA GARRAFAO 20 LITROS 1;00703969;05;26-09-2022; 1000 ;Fiscal;10200302008
01;0000004839;0005;BEBEDOURO DE COLUNA GARRAFAO 20 LITROS 1;00703970;05;26-09-2022; 1000 ;;
01;0000004839;0005;BEBEDOURO DE COLUNA GARRAFAO 20 LITROS 1;00703970;05;26-09-2022; 1000 ;Fiscal;10200302008
01;0000004839;0005;BEBEDOURO DE COLUNA GARRAFAO 20 LITROS 1;00703970;05;26-09-2022; 1000 ;Fiscal;10200302008
01;0000004839;0006;BEBEDOURO DE COLUNA GARRAFAO 20 LITROS 1;703971;05;26-09-2022; 1000 ;;
01;0000004839;0006;BEBEDOURO DE COLUNA GARRAFAO 20 LITROS 1;703971;05;26-09-2022; 1000 ;Fiscal;10200302008
01;0000004839;0006;BEBEDOURO DE COLUNA GARRAFAO 20 LITROS 1;703971;05;26-09-2022; 1000 ;Fiscal;10200302008
01;0000004839;0007;BEBEDOURO DE COLUNA GARRAFAO 20 LITROS 1;703972;05;26-09-2022; 1000 ;;
01;0000004839;0007;BEBEDOURO DE COLUNA GARRAFAO 20 LITROS 1;703972;05;26-09-2022; 1000 ;Fiscal;10200302008
01;0000004839;0007;BEBEDOURO DE COLUNA GARRAFAO 20 LITROS 1;703972;05;26-09-2022; 1000 ;Fiscal;10200302008
01;0000004839;0008;BEBEDOURO DE COLUNA GARRAFAO 20 LITROS 1;703973;05;26-09-2022; 1000 ;;
01;0000004839;0008;BEBEDOURO DE COLUNA GARRAFAO 20 LITROS 1;703973;05;26-09-2022; 1000 ;Fiscal;10200302008
01;0000004839;0008;BEBEDOURO DE COLUNA GARRAFAO 20 LITROS 1;703973;05;26-09-2022; 1000 ;Fiscal;10200302008
01;0000004839;0009;BEBEDOURO DE COLUNA GARRAFAO 20 LITROS 1;00703974;05;26-09-2022; 1000 ;;
01;0000004839;0009;BEBEDOURO DE COLUNA GARRAFAO 20 LITROS 1;00703974;05;26-09-2022; 1000 ;Fiscal;10200302008
01;0000004839;0009;BEBEDOURO DE COLUNA GARRAFAO 20 LITROS 1;00703974;05;26-09-2022; 1000 ;Fiscal;10200302008
01;0000004839;0010;BEBEDOURO DE COLUNA GARRAFAO 20 LITROS 1;00703975;05;26-09-2022; 1000 ;;
01;0000004839;0010;BEBEDOURO DE COLUNA GARRAFAO 20 LITROS 1;00703975;05;26-09-2022; 1000 ;Fiscal;10200302008
01;0000004839;0010;BEBEDOURO DE COLUNA GARRAFAO 20 LITROS 1;00703975;05;26-09-2022; 1000 ;Fiscal;10200302008
01;0000004843;0001;APPLE IPHONE SE 64GB CHIP A13 BIONIC;01152431;05;04-08-2022; 1000 ;;
01;0000004843;0001;APPLE IPHONE SE 64GB CHIP A13 BIONIC;01152431;05;04-08-2022; 1000 ;Fiscal;10200302008
01;0000004843;0001;APPLE IPHONE SE 64GB CHIP A13 BIONIC;01152431;05;04-08-2022; 1000 ;Fiscal;10200302008
01;0000004861;0001;SMART TV LED 55 ULTRA HD 4K;01152549;05;07-12-2022; 1000 ;;
01;0000004861;0001;SMART TV LED 55 ULTRA HD 4K;01152549;05;07-12-2022; 1000 ;Fiscal;10200302008
01;0000004861;0001;SMART TV LED 55 ULTRA HD 4K;01152549;05;07-12-2022; 1000 ;Fiscal;10200302008
01;0000004861;0002;SMART TV LED 55 ULTRA HD 4K;01152550;05;07-12-2022; 1000 ;;
01;0000004861;0002;SMART TV LED 55 ULTRA HD 4K;01152550;05;07-12-2022; 1000 ;Fiscal;10200302008
01;0000004861;0002;SMART TV LED 55 ULTRA HD 4K;01152550;05;07-12-2022; 1000 ;Fiscal;10200302008
01;0000004861;0003;SMART TV LED 55 ULTRA HD 4K;01152551;05;07-12-2022; 1000 ;;
01;0000004861;0003;SMART TV LED 55 ULTRA HD 4K;01152551;05;07-12-2022; 1000 ;Fiscal;10200302008
01;0000004861;0003;SMART TV LED 55 ULTRA HD 4K;01152551;05;07-12-2022; 1000 ;Fiscal;10200302008
01;0000004861;0004;SMART TV LED 55 ULTRA HD 4K;01152552;05;07-12-2022; 1000 ;;
01;0000004861;0004;SMART TV LED 55 ULTRA HD 4K;01152552;05;07-12-2022; 1000 ;Fiscal;10200302008
01;0000004861;0004;SMART TV LED 55 ULTRA HD 4K;01152552;05;07-12-2022; 1000 ;Fiscal;10200302008
01;0000004861;0005;SMART TV LED 55 ULTRA HD 4K;01152553;05;07-12-2022; 1000 ;;
01;0000004861;0005;SMART TV LED 55 ULTRA HD 4K;01152553;05;07-12-2022; 1000 ;Fiscal;10200302008
01;0000004861;0005;SMART TV LED 55 ULTRA HD 4K;01152553;05;07-12-2022; 1000 ;Fiscal;10200302008
01;0000004861;0006;SMART TV LED 55 ULTRA HD 4K;01152554;05;07-12-2022; 1000 ;;
01;0000004861;0006;SMART TV LED 55 ULTRA HD 4K;01152554;05;07-12-2022; 1000 ;Fiscal;10200302008
01;0000004861;0006;SMART TV LED 55 ULTRA HD 4K;01152554;05;07-12-2022; 1000 ;Fiscal;10200302008
01;0000004861;0007;SMART TV LED 55 ULTRA HD 4K;01152555;05;07-12-2022; 1000 ;;
01;0000004861;0007;SMART TV LED 55 ULTRA HD 4K;01152555;05;07-12-2022; 1000 ;Fiscal;10200302008
01;0000004861;0007;SMART TV LED 55 ULTRA HD 4K;01152555;05;07-12-2022; 1000 ;Fiscal;10200302008
01;0000004861;0008;SMART TV LED 55 ULTRA HD 4K;01152556;05;07-12-2022; 1000 ;;
01;0000004861;0008;SMART TV LED 55 ULTRA HD 4K;01152556;05;07-12-2022; 1000 ;Fiscal;10200302008
01;0000004861;0008;SMART TV LED 55 ULTRA HD 4K;01152556;05;07-12-2022; 1000 ;Fiscal;10200302008
01;0000004861;0009;SMART TV LED 55 ULTRA HD 4K;01152557;05;07-12-2022; 1000 ;;
01;0000004861;0009;SMART TV LED 55 ULTRA HD 4K;01152557;05;07-12-2022; 1000 ;Fiscal;10200302008
01;0000004861;0009;SMART TV LED 55 ULTRA HD 4K;01152557;05;07-12-2022; 1000 ;Fiscal;10200302008
01;0000004861;0010;SMART TV LED 55 ULTRA HD 4K;01152558;05;07-12-2022; 1000 ;;
01;0000004861;0010;SMART TV LED 55 ULTRA HD 4K;01152558;05;07-12-2022; 1000 ;Fiscal;10200302008
01;0000004861;0010;SMART TV LED 55 ULTRA HD 4K;01152558;05;07-12-2022; 1000 ;Fiscal;10200302008
01;0000004861;0011;SMART TV LED 55 ULTRA HD 4K;01152559;05;07-12-2022; 1000 ;;
01;0000004861;0011;SMART TV LED 55 ULTRA HD 4K;01152559;05;07-12-2022; 1000 ;Fiscal;10200302008
01;0000004861;0011;SMART TV LED 55 ULTRA HD 4K;01152559;05;07-12-2022; 1000 ;Fiscal;10200302008
01;0000004861;0012;SMART TV LED 55 ULTRA HD 4K;01152560;05;07-12-2022; 1000 ;;
01;0000004861;0012;SMART TV LED 55 ULTRA HD 4K;01152560;05;07-12-2022; 1000 ;Fiscal;10200302008
01;0000004861;0012;SMART TV LED 55 ULTRA HD 4K;01152560;05;07-12-2022; 1000 ;Fiscal;10200302008
01;0000004861;0013;SMART TV LED 55 ULTRA HD 4K;01152561;05;07-12-2022; 1000 ;;
01;0000004861;0013;SMART TV LED 55 ULTRA HD 4K;01152561;05;07-12-2022; 1000 ;Fiscal;10200302008
01;0000004861;0013;SMART TV LED 55 ULTRA HD 4K;01152561;05;07-12-2022; 1000 ;Fiscal;10200302008
01;0000004861;0014;SMART TV LED 55 ULTRA HD 4K;01152562;05;07-12-2022; 1000 ;;
01;0000004861;0014;SMART TV LED 55 ULTRA HD 4K;01152562;05;07-12-2022; 1000 ;Fiscal;10200302008
01;0000004861;0014;SMART TV LED 55 ULTRA HD 4K;01152562;05;07-12-2022; 1000 ;Fiscal;10200302008
01;0000004861;0015;SMART TV LED 55 ULTRA HD 4K;01152563;05;07-12-2022; 1000 ;;
01;0000004861;0015;SMART TV LED 55 ULTRA HD 4K;01152563;05;07-12-2022; 1000 ;Fiscal;10200302008
01;0000004861;0015;SMART TV LED 55 ULTRA HD 4K;01152563;05;07-12-2022; 1000 ;Fiscal;10200302008
01;0000004863;0001;CAMERA TIPO DOME 2MP;01152658;05;07-12-2022; 1000 ;;
01;0000004863;0001;CAMERA TIPO DOME 2MP;01152658;05;07-12-2022; 1000 ;Fiscal;10200302008
01;0000004863;0001;CAMERA TIPO DOME 2MP;01152658;05;07-12-2022; 1000 ;Fiscal;10200302008
01;0000004863;0002;CAMERA TIPO DOME 2MP;01152659;05;07-12-2022; 1000 ;;
01;0000004863;0002;CAMERA TIPO DOME 2MP;01152659;05;07-12-2022; 1000 ;Fiscal;10200302008
01;0000004863;0002;CAMERA TIPO DOME 2MP;01152659;05;07-12-2022; 1000 ;Fiscal;10200302008
01;0000004863;0003;CAMERA TIPO DOME 2MP;01152660;05;07-12-2022; 1000 ;;
01;0000004863;0003;CAMERA TIPO DOME 2MP;01152660;05;07-12-2022; 1000 ;Fiscal;10200302008
01;0000004863;0003;CAMERA TIPO DOME 2MP;01152660;05;07-12-2022; 1000 ;Fiscal;10200302008
01;0000004863;0004;CAMERA TIPO DOME 2MP;01152661;05;07-12-2022; 1000 ;;
01;0000004863;0004;CAMERA TIPO DOME 2MP;01152661;05;07-12-2022; 1000 ;Fiscal;10200302008
01;0000004863;0004;CAMERA TIPO DOME 2MP;01152661;05;07-12-2022; 1000 ;Fiscal;10200302008
01;0000004863;0005;CAMERA TIPO DOME 2MP;01152662;05;07-12-2022; 1000 ;;
01;0000004863;0005;CAMERA TIPO DOME 2MP;01152662;05;07-12-2022; 1000 ;Fiscal;10200302008
01;0000004863;0005;CAMERA TIPO DOME 2MP;01152662;05;07-12-2022; 1000 ;Fiscal;10200302008
01;0000004863;0006;CAMERA TIPO DOME 2MP;01152663;05;07-12-2022; 1000 ;;
01;0000004863;0006;CAMERA TIPO DOME 2MP;01152663;05;07-12-2022; 1000 ;Fiscal;10200302008
01;0000004863;0006;CAMERA TIPO DOME 2MP;01152663;05;07-12-2022; 1000 ;Fiscal;10200302008
01;0000004863;0007;CAMERA TIPO DOME 2MP;01152664;05;07-12-2022; 1000 ;;
01;0000004863;0007;CAMERA TIPO DOME 2MP;01152664;05;07-12-2022; 1000 ;Fiscal;10200302008
01;0000004863;0007;CAMERA TIPO DOME 2MP;01152664;05;07-12-2022; 1000 ;Fiscal;10200302008
01;0000004863;0008;CAMERA TIPO DOME 2MP;01152665;05;07-12-2022; 1000 ;;
01;0000004863;0008;CAMERA TIPO DOME 2MP;01152665;05;07-12-2022; 1000 ;Fiscal;10200302008
01;0000004863;0008;CAMERA TIPO DOME 2MP;01152665;05;07-12-2022; 1000 ;Fiscal;10200302008
01;0000004863;0009;CAMERA TIPO DOME 2MP;01152666;05;07-12-2022; 1000 ;;
01;0000004863;0009;CAMERA TIPO DOME 2MP;01152666;05;07-12-2022; 1000 ;Fiscal;10200302008
01;0000004863;0009;CAMERA TIPO DOME 2MP;01152666;05;07-12-2022; 1000 ;Fiscal;10200302008
01;0000004863;0010;CAMERA TIPO DOME 2MP;01152667;05;07-12-2022; 1000 ;;
01;0000004863;0010;CAMERA TIPO DOME 2MP;01152667;05;07-12-2022; 1000 ;Fiscal;10200302008
01;0000004863;0010;CAMERA TIPO DOME 2MP;01152667;05;07-12-2022; 1000 ;Fiscal;10200302008
01;0000004863;0011;CAMERA TIPO DOME 2MP;01152668;05;07-12-2022; 1000 ;;
01;0000004863;0011;CAMERA TIPO DOME 2MP;01152668;05;07-12-2022; 1000 ;Fiscal;10200302008
01;0000004863;0011;CAMERA TIPO DOME 2MP;01152668;05;07-12-2022; 1000 ;Fiscal;10200302008
01;0000004863;0012;CAMERA TIPO DOME 2MP;01152669;05;07-12-2022; 1000 ;;
01;0000004863;0012;CAMERA TIPO DOME 2MP;01152669;05;07-12-2022; 1000 ;Fiscal;10200302008
01;0000004863;0012;CAMERA TIPO DOME 2MP;01152669;05;07-12-2022; 1000 ;Fiscal;10200302008
01;0000004863;0013;CAMERA TIPO DOME 2MP;01152670;05;07-12-2022; 1000 ;;
01;0000004863;0013;CAMERA TIPO DOME 2MP;01152670;05;07-12-2022; 1000 ;Fiscal;10200302008
01;0000004863;0013;CAMERA TIPO DOME 2MP;01152670;05;07-12-2022; 1000 ;Fiscal;10200302008
01;0000004863;0014;CAMERA TIPO DOME 2MP;01152671;05;07-12-2022; 1000 ;;
01;0000004863;0014;CAMERA TIPO DOME 2MP;01152671;05;07-12-2022; 1000 ;Fiscal;10200302008
01;0000004863;0014;CAMERA TIPO DOME 2MP;01152671;05;07-12-2022; 1000 ;Fiscal;10200302008
01;0000004863;0015;CAMERA TIPO DOME 2MP;01152672;05;07-12-2022; 1000 ;;
01;0000004863;0015;CAMERA TIPO DOME 2MP;01152672;05;07-12-2022; 1000 ;Fiscal;10200302008
01;0000004863;0015;CAMERA TIPO DOME 2MP;01152672;05;07-12-2022; 1000 ;Fiscal;10200302008
01;0000004863;0016;CAMERA TIPO DOME 2MP;01152673;05;07-12-2022; 1000 ;;
01;0000004863;0016;CAMERA TIPO DOME 2MP;01152673;05;07-12-2022; 1000 ;Fiscal;10200302008
01;0000004863;0016;CAMERA TIPO DOME 2MP;01152673;05;07-12-2022; 1000 ;Fiscal;10200302008
01;0000004863;0017;CAMERA TIPO DOME 2MP;01152674;05;07-12-2022; 1000 ;;
01;0000004863;0017;CAMERA TIPO DOME 2MP;01152674;05;07-12-2022; 1000 ;Fiscal;10200302008
01;0000004863;0017;CAMERA TIPO DOME 2MP;01152674;05;07-12-2022; 1000 ;Fiscal;10200302008
01;0000004863;0018;CAMERA TIPO DOME 2MP;01152675;05;07-12-2022; 1000 ;;
01;0000004863;0018;CAMERA TIPO DOME 2MP;01152675;05;07-12-2022; 1000 ;Fiscal;10200302008
01;0000004863;0018;CAMERA TIPO DOME 2MP;01152675;05;07-12-2022; 1000 ;Fiscal;10200302008
01;0000004863;0019;CAMERA TIPO DOME 2MP;01152676;05;07-12-2022; 1000 ;;
01;0000004863;0019;CAMERA TIPO DOME 2MP;01152676;05;07-12-2022; 1000 ;Fiscal;10200302008
01;0000004863;0019;CAMERA TIPO DOME 2MP;01152676;05;07-12-2022; 1000 ;Fiscal;10200302008
01;0000004863;0020;CAMERA TIPO DOME 2MP;01152677;05;07-12-2022; 1000 ;;
01;0000004863;0020;CAMERA TIPO DOME 2MP;01152677;05;07-12-2022; 1000 ;Fiscal;10200302008
01;0000004863;0020;CAMERA TIPO DOME 2MP;01152677;05;07-12-2022; 1000 ;Fiscal;10200302008
01;0000004863;0021;CAMERA TIPO DOME 2MP;01152678;05;07-12-2022; 1000 ;;
01;0000004863;0021;CAMERA TIPO DOME 2MP;01152678;05;07-12-2022; 1000 ;Fiscal;10200302008
01;0000004863;0021;CAMERA TIPO DOME 2MP;01152678;05;07-12-2022; 1000 ;Fiscal;10200302008
01;0000004863;0022;CAMERA TIPO DOME 2MP;01152679;05;07-12-2022; 1000 ;;
01;0000004863;0022;CAMERA TIPO DOME 2MP;01152679;05;07-12-2022; 1000 ;Fiscal;10200302008
01;0000004863;0022;CAMERA TIPO DOME 2MP;01152679;05;07-12-2022; 1000 ;Fiscal;10200302008
01;0000004864;0001;CAMERA TIPO BULLET 2MP;01152680;05;07-12-2022; 1000 ;;
01;0000004864;0001;CAMERA TIPO BULLET 2MP;01152680;05;07-12-2022; 1000 ;Fiscal;10200302008
01;0000004864;0001;CAMERA TIPO BULLET 2MP;01152680;05;07-12-2022; 1000 ;Fiscal;10200302008
01;0000004864;0002;CAMERA TIPO BULLET 2MP;01152681;05;07-12-2022; 1000 ;;
01;0000004864;0002;CAMERA TIPO BULLET 2MP;01152681;05;07-12-2022; 1000 ;Fiscal;10200302008
01;0000004864;0002;CAMERA TIPO BULLET 2MP;01152681;05;07-12-2022; 1000 ;Fiscal;10200302008
01;0000004864;0003;CAMERA TIPO BULLET 2MP;01152682;05;07-12-2022; 1000 ;;
01;0000004864;0003;CAMERA TIPO BULLET 2MP;01152682;05;07-12-2022; 1000 ;Fiscal;10200302008
01;0000004864;0003;CAMERA TIPO BULLET 2MP;01152682;05;07-12-2022; 1000 ;Fiscal;10200302008
01;0000004864;0004;CAMERA TIPO BULLET 2MP;01152683;05;07-12-2022; 1000 ;;
01;0000004864;0004;CAMERA TIPO BULLET 2MP;01152683;05;07-12-2022; 1000 ;Fiscal;10200302008
01;0000004864;0004;CAMERA TIPO BULLET 2MP;01152683;05;07-12-2022; 1000 ;Fiscal;10200302008
01;0000004864;0005;CAMERA TIPO BULLET 2MP;01152684;05;07-12-2022; 1000 ;;
01;0000004864;0005;CAMERA TIPO BULLET 2MP;01152684;05;07-12-2022; 1000 ;Fiscal;10200302008
01;0000004864;0005;CAMERA TIPO BULLET 2MP;01152684;05;07-12-2022; 1000 ;Fiscal;10200302008
01;0000004864;0006;CAMERA TIPO BULLET 2MP;01152685;05;07-12-2022; 1000 ;;
01;0000004864;0006;CAMERA TIPO BULLET 2MP;01152685;05;07-12-2022; 1000 ;Fiscal;10200302008
01;0000004864;0006;CAMERA TIPO BULLET 2MP;01152685;05;07-12-2022; 1000 ;Fiscal;10200302008
01;0000004864;0007;CAMERA TIPO BULLET 2MP;01152686;05;07-12-2022; 1000 ;;
01;0000004864;0007;CAMERA TIPO BULLET 2MP;01152686;05;07-12-2022; 1000 ;Fiscal;10200302008
01;0000004864;0007;CAMERA TIPO BULLET 2MP;01152686;05;07-12-2022; 1000 ;Fiscal;10200302008
01;0000004864;0008;CAMERA TIPO BULLET 2MP;01152687;05;07-12-2022; 1000 ;;
01;0000004864;0008;CAMERA TIPO BULLET 2MP;01152687;05;07-12-2022; 1000 ;Fiscal;10200302008
01;0000004864;0008;CAMERA TIPO BULLET 2MP;01152687;05;07-12-2022; 1000 ;Fiscal;10200302008
01;0000004864;0009;CAMERA TIPO BULLET 2MP;01152688;05;07-12-2022; 1000 ;;
01;0000004864;0009;CAMERA TIPO BULLET 2MP;01152688;05;07-12-2022; 1000 ;Fiscal;10200302008
01;0000004864;0009;CAMERA TIPO BULLET 2MP;01152688;05;07-12-2022; 1000 ;Fiscal;10200302008
01;0000004864;0010;CAMERA TIPO BULLET 2MP;01152689;05;07-12-2022; 1000 ;;
01;0000004864;0010;CAMERA TIPO BULLET 2MP;01152689;05;07-12-2022; 1000 ;Fiscal;10200302008
01;0000004864;0010;CAMERA TIPO BULLET 2MP;01152689;05;07-12-2022; 1000 ;Fiscal;10200302008
01;0000004880;0001;AR CONDICIONADO DE 24.000 BTUS;01153200;05;15-05-2023; 1000 ;;
01;0000004880;0001;AR CONDICIONADO DE 24.000 BTUS;01153200;05;15-05-2023; 1000 ;Fiscal;10200302008
01;0000004880;0001;AR CONDICIONADO DE 24.000 BTUS;01153200;05;15-05-2023; 1000 ;Fiscal;10200302008
01;0000004880;0002;AR CONDICIONADO DE 24.000 BTUS;01153201;05;15-05-2023; 1000 ;;
01;0000004880;0002;AR CONDICIONADO DE 24.000 BTUS;01153201;05;15-05-2023; 1000 ;Fiscal;10200302008
01;0000004880;0002;AR CONDICIONADO DE 24.000 BTUS;01153201;05;15-05-2023; 1000 ;Fiscal;10200302008
01;0000004880;0003;AR CONDICIONADO DE 24.000 BTUS;01153202;05;15-05-2023; 1000 ;;
01;0000004880;0003;AR CONDICIONADO DE 24.000 BTUS;01153202;05;15-05-2023; 1000 ;Fiscal;10200302008
01;0000004880;0003;AR CONDICIONADO DE 24.000 BTUS;01153202;05;15-05-2023; 1000 ;Fiscal;10200302008
01;0000004880;0004;AR CONDICIONADO DE 24.000 BTUS;01153203;05;15-05-2023; 1000 ;;
01;0000004880;0004;AR CONDICIONADO DE 24.000 BTUS;01153203;05;15-05-2023; 1000 ;Fiscal;10200302008
01;0000004880;0004;AR CONDICIONADO DE 24.000 BTUS;01153203;05;15-05-2023; 1000 ;Fiscal;10200302008
01;0000004880;0005;AR CONDICIONADO DE 24.000 BTUS;01153204;05;15-05-2023; 1000 ;;
01;0000004880;0005;AR CONDICIONADO DE 24.000 BTUS;01153204;05;15-05-2023; 1000 ;Fiscal;10200302008
01;0000004880;0005;AR CONDICIONADO DE 24.000 BTUS;01153204;05;15-05-2023; 1000 ;Fiscal;10200302008
01;0000004892;0001;AR CONDICIONADO 18.000 BTUS;01153213;05;01-06-2023; 1000 ;;
01;0000004892;0001;AR CONDICIONADO 18.000 BTUS;01153213;05;01-06-2023; 1000 ;Fiscal;10200302008
01;0000004892;0001;AR CONDICIONADO 18.000 BTUS;01153213;05;01-06-2023; 1000 ;Fiscal;10200302008
01;0000004892;0002;AR CONDICIONADO 18.000 BTUS;01153214;05;01-06-2023; 1000 ;;
01;0000004892;0002;AR CONDICIONADO 18.000 BTUS;01153214;05;01-06-2023; 1000 ;Fiscal;10200302008
01;0000004892;0002;AR CONDICIONADO 18.000 BTUS;01153214;05;01-06-2023; 1000 ;Fiscal;10200302008
01;0000004892;0003;AR CONDICIONADO 18.000 BTUS;01153215;05;01-06-2023; 1000 ;;
01;0000004892;0003;AR CONDICIONADO 18.000 BTUS;01153215;05;01-06-2023; 1000 ;Fiscal;10200302008
01;0000004892;0003;AR CONDICIONADO 18.000 BTUS;01153215;05;01-06-2023; 1000 ;Fiscal;10200302008
01;0000004892;0004;AR CONDICIONADO 18.000 BTUS;01153216;05;01-06-2023; 1000 ;;
01;0000004892;0004;AR CONDICIONADO 18.000 BTUS;01153216;05;01-06-2023; 1000 ;Fiscal;10200302008
01;0000004892;0004;AR CONDICIONADO 18.000 BTUS;01153216;05;01-06-2023; 1000 ;Fiscal;10200302008
01;0000004892;0005;AR CONDICIONADO 18.000 BTUS;01153217;05;01-06-2023; 1000 ;;
01;0000004892;0005;AR CONDICIONADO 18.000 BTUS;01153217;05;01-06-2023; 1000 ;Fiscal;10200302008
01;0000004892;0005;AR CONDICIONADO 18.000 BTUS;01153217;05;01-06-2023; 1000 ;Fiscal;10200302008
01;0000004906;0001;AR CONDICIONADO SPLIT HI WALL 60.000 BTU;01153208;05;01-10-2023; 1000 ;;
01;0000004906;0001;AR CONDICIONADO SPLIT HI WALL 60.000 BTU;01153208;05;01-10-2023; 1000 ;Fiscal;10200302008
01;0000004906;0001;AR CONDICIONADO SPLIT HI WALL 60.000 BTU;01153208;05;01-10-2023; 1000 ;Fiscal;10200302008
01;0000004906;0002;AR CONDICIONADO SPLIT HI WALL 60.000 BTU;01153209;05;01-10-2023; 1000 ;;
01;0000004906;0002;AR CONDICIONADO SPLIT HI WALL 60.000 BTU;01153209;05;01-10-2023; 1000 ;Fiscal;10200302008
01;0000004906;0002;AR CONDICIONADO SPLIT HI WALL 60.000 BTU;01153209;05;01-10-2023; 1000 ;Fiscal;10200302008
01;0000004906;0003;AR CONDICIONADO SPLIT HI WALL 60.000 BTU;01153210;05;01-10-2023; 1000 ;;
01;0000004906;0003;AR CONDICIONADO SPLIT HI WALL 60.000 BTU;01153210;05;01-10-2023; 1000 ;Fiscal;10200302008
01;0000004906;0003;AR CONDICIONADO SPLIT HI WALL 60.000 BTU;01153210;05;01-10-2023; 1000 ;Fiscal;10200302008
01;0000005222;01;TRITURADOR DE PAPEL MENNO;00054153;05;31-12-2008; 1000 ;;
01;0000005222;01;TRITURADOR DE PAPEL MENNO;00054153;05;31-12-2008; 1000 ;Fiscal;10200302008
01;0000005222;01;TRITURADOR DE PAPEL MENNO;00054153;05;31-12-2008; 1000 ;Fiscal;10200302008
